n-votes,n-comments,n-visitors,n-voters,n-commenters
0,0,1,0,0
0,1,1,0,1
1,1,1,1,1
1,2,1,1,2
2,2,1,2,2
2,3,1,2,3
3,3,1,3,3
3,4,1,3,4
4,4,1,4,4
4,5,1,4,5
5,5,1,5,5
5,5,2,5,5
6,5,2,6,5
7,5,2,7,5
8,5,2,8,5
9,5,2,9,5
10,5,2,10,5
11,5,2,11,5
11,5,3,11,5
12,5,3,12,5
13,5,3,13,5
14,5,3,14,5
15,5,3,15,5
16,5,3,16,5
16,5,4,16,5
17,5,4,17,5
18,5,4,18,5
19,5,4,19,5
20,5,4,20,5
21,5,4,21,5
21,6,4,21,6
22,6,4,22,6
23,6,4,23,6
23,7,4,23,7
24,7,4,24,7
24,7,5,24,7
25,7,5,25,7
26,7,5,26,7
27,7,5,27,7
28,7,5,28,7
29,7,5,29,7
30,7,5,30,7
31,7,5,31,7
31,8,5,31,8
32,8,5,32,8
32,9,5,32,9
33,9,5,33,9
33,10,5,33,10
34,10,5,34,10
34,11,5,34,11
35,11,5,35,11
35,12,5,35,12
36,12,5,36,12
37,12,5,37,12
38,12,5,38,12
39,12,5,39,12
40,12,5,40,12
41,12,5,41,12
41,12,6,41,12
42,12,6,42,12
43,12,6,43,12
44,12,6,44,12
45,12,6,45,12
46,12,6,46,12
47,12,6,47,12
48,12,6,48,12
49,12,6,49,12
49,13,6,49,13
50,13,6,50,13
50,13,7,50,13
50,14,7,50,14
51,14,7,51,14
51,14,8,51,14
52,14,8,52,14
53,14,8,53,14
53,14,9,53,14
54,14,9,54,14
54,14,10,54,14
55,14,10,55,14
56,14,10,56,14
57,14,10,57,14
58,14,10,58,14
59,14,10,59,14
60,14,10,60,14
61,14,10,61,14
62,14,10,62,14
63,14,10,63,14
64,14,10,64,14
65,14,10,65,14
66,14,10,66,14
67,14,10,67,14
68,14,10,68,14
69,14,10,69,14
70,14,10,70,14
71,14,10,71,14
71,14,11,71,14
72,14,11,72,14
73,14,11,73,14
74,14,11,74,14
75,14,11,75,14
76,14,11,76,14
77,14,11,77,14
78,14,11,78,14
79,14,11,79,14
80,14,11,80,14
81,14,11,81,14
82,14,11,82,14
82,15,11,82,15
83,15,11,83,15
83,16,11,83,16
84,16,11,84,16
84,17,11,84,17
85,17,11,85,17
86,17,11,86,17
87,17,11,87,17
88,17,11,88,17
89,17,11,89,17
90,17,11,90,17
91,17,11,91,17
92,17,11,92,17
93,17,11,93,17
94,17,11,94,17
95,17,11,95,17
96,17,11,96,17
96,17,12,96,17
97,17,12,97,17
98,17,12,98,17
99,17,12,99,17
100,17,12,100,17
101,17,12,101,17
102,17,12,102,17
103,17,12,103,17
104,17,12,104,17
105,17,12,105,17
106,17,12,106,17
107,17,12,107,17
108,17,12,108,17
109,17,12,109,17
110,17,12,110,17
111,17,12,111,17
112,17,12,112,17
113,17,12,113,17
114,17,12,114,17
115,17,12,115,17
115,17,13,115,17
116,17,13,116,17
117,17,13,117,17
118,17,13,118,17
119,17,13,119,17
120,17,13,120,17
121,17,13,121,17
122,17,13,122,17
123,17,13,123,17
124,17,13,124,17
125,17,13,125,17
125,18,13,125,18
126,18,13,126,18
126,19,13,126,19
127,19,13,127,19
127,20,13,127,20
128,20,13,128,20
128,21,13,128,21
129,21,13,129,21
129,22,13,129,22
130,22,13,130,22
130,22,14,130,22
131,22,14,131,22
132,22,14,132,22
133,22,14,133,22
134,22,14,134,22
135,22,14,135,22
135,22,15,135,22
135,23,15,135,23
136,23,15,136,23
137,23,15,137,23
138,23,15,138,23
139,23,15,139,23
140,23,15,140,23
141,23,15,141,23
142,23,15,142,23
143,23,15,143,23
144,23,15,144,23
145,23,15,145,23
146,23,15,146,23
147,23,15,147,23
148,23,15,148,23
149,23,15,149,23
150,23,15,150,23
151,23,15,151,23
151,23,16,151,23
152,23,16,152,23
153,23,16,153,23
154,23,16,154,23
155,23,16,155,23
156,23,16,156,23
157,23,16,157,23
158,23,16,158,23
159,23,16,159,23
160,23,16,160,23
161,23,16,161,23
162,23,16,162,23
163,23,16,163,23
164,23,16,164,23
165,23,16,165,23
166,23,16,166,23
167,23,16,167,23
168,23,16,168,23
169,23,16,169,23
170,23,16,170,23
171,23,16,171,23
172,23,16,172,23
173,23,16,173,23
174,23,16,174,23
175,23,16,175,23
176,23,16,176,23
177,23,16,177,23
178,23,16,178,23
179,23,16,179,23
180,23,16,180,23
181,23,16,181,23
182,23,16,182,23
183,23,16,183,23
184,23,16,184,23
185,23,16,185,23
186,23,16,186,23
187,23,16,187,23
188,23,16,188,23
189,23,16,189,23
190,23,16,190,23
191,23,16,191,23
192,23,16,192,23
193,23,16,193,23
194,23,16,194,23
195,23,16,195,23
196,23,16,196,23
197,23,16,197,23
198,23,16,198,23
199,23,16,199,23
200,23,16,200,23
201,23,16,201,23
201,24,16,201,24
202,24,16,202,24
202,24,17,202,24
203,24,17,203,24
204,24,17,204,24
205,24,17,205,24
206,24,17,206,24
207,24,17,207,24
208,24,17,208,24
209,24,17,209,24
210,24,17,210,24
211,24,17,211,24
211,24,18,211,24
212,24,18,212,24
212,24,19,212,24
213,24,19,213,24
214,24,19,214,24
215,24,19,215,24
216,24,19,216,24
216,24,20,216,24
217,24,20,217,24
218,24,20,218,24
219,24,20,219,24
219,24,21,219,24
220,24,21,220,24
221,24,21,221,24
222,24,21,222,24
223,24,21,223,24
224,24,21,224,24
225,24,21,225,24
226,24,21,226,24
227,24,21,227,24
228,24,21,228,24
229,24,21,229,24
230,24,21,230,24
231,24,21,231,24
232,24,21,232,24
233,24,21,233,24
234,24,21,234,24
235,24,21,235,24
236,24,21,236,24
237,24,21,237,24
238,24,21,238,24
239,24,21,239,24
240,24,21,240,24
241,24,21,241,24
242,24,21,242,24
243,24,21,243,24
243,24,22,243,24
244,24,22,244,24
244,24,23,244,24
245,24,23,245,24
246,24,23,246,24
247,24,23,247,24
247,24,24,247,24
248,24,24,248,24
248,24,25,248,24
248,25,25,248,25
249,25,25,249,25
250,25,25,250,25
251,25,25,251,25
252,25,25,252,25
253,25,25,253,25
254,25,25,254,25
255,25,25,255,25
256,25,25,256,25
257,25,25,257,25
258,25,25,258,25
259,25,25,259,25
260,25,25,260,25
261,25,25,261,25
262,25,25,262,25
263,25,25,263,25
264,25,25,264,25
265,25,25,265,25
266,25,25,266,25
267,25,25,267,25
268,25,25,268,25
269,25,25,269,25
270,25,25,270,25
271,25,25,271,25
272,25,25,272,25
273,25,25,273,25
273,26,25,273,26
274,26,25,274,26
274,26,26,274,26
275,26,26,275,26
276,26,26,276,26
277,26,26,277,26
277,26,27,277,26
278,26,27,278,26
279,26,27,279,26
280,26,27,280,26
281,26,27,281,26
282,26,27,282,26
283,26,27,283,26
284,26,27,284,26
285,26,27,285,26
286,26,27,286,26
287,26,27,287,26
288,26,27,288,26
289,26,27,289,26
290,26,27,290,26
291,26,27,291,26
292,26,27,292,26
293,26,27,293,26
294,26,27,294,26
295,26,27,295,26
296,26,27,296,26
297,26,27,297,26
298,26,27,298,26
299,26,27,299,26
300,26,27,300,26
301,26,27,301,26
302,26,27,302,26
303,26,27,303,26
304,26,27,304,26
305,26,27,305,26
306,26,27,306,26
307,26,27,307,26
308,26,27,308,26
309,26,27,309,26
310,26,27,310,26
311,26,27,311,26
311,26,28,311,26
312,26,28,312,26
312,26,29,312,26
313,26,29,313,26
314,26,29,314,26
315,26,29,315,26
316,26,29,316,26
317,26,29,317,26
318,26,29,318,26
319,26,29,319,26
320,26,29,320,26
321,26,29,321,26
322,26,29,322,26
323,26,29,323,26
324,26,29,324,26
325,26,29,325,26
326,26,29,326,26
327,26,29,327,26
328,26,29,328,26
328,26,30,328,26
329,26,30,329,26
330,26,30,330,26
330,26,31,330,26
331,26,31,331,26
332,26,31,332,26
333,26,31,333,26
334,26,31,334,26
335,26,31,335,26
336,26,31,336,26
337,26,31,337,26
338,26,31,338,26
339,26,31,339,26
340,26,31,340,26
341,26,31,341,26
342,26,31,342,26
343,26,31,343,26
344,26,31,344,26
345,26,31,345,26
346,26,31,346,26
347,26,31,347,26
348,26,31,348,26
349,26,31,349,26
350,26,31,350,26
350,26,32,350,26
351,26,32,351,26
351,26,33,351,26
352,26,33,352,26
353,26,33,353,26
354,26,33,354,26
355,26,33,355,26
356,26,33,356,26
357,26,33,357,26
358,26,33,358,26
359,26,33,359,26
360,26,33,360,26
361,26,33,361,26
362,26,33,362,26
363,26,33,363,26
364,26,33,364,26
365,26,33,365,26
366,26,33,366,26
367,26,33,367,26
368,26,33,368,26
369,26,33,369,26
370,26,33,370,26
371,26,33,371,26
372,26,33,372,26
373,26,33,373,26
374,26,33,374,26
375,26,33,375,26
376,26,33,376,26
377,26,33,377,26
378,26,33,378,26
379,26,33,379,26
380,26,33,380,26
381,26,33,381,26
381,26,34,381,26
382,26,34,382,26
383,26,34,383,26
384,26,34,384,26
385,26,34,385,26
386,26,34,386,26
387,26,34,387,26
388,26,34,388,26
389,26,34,389,26
390,26,34,390,26
391,26,34,391,26
392,26,34,392,26
393,26,34,393,26
394,26,34,394,26
395,26,34,395,26
396,26,34,396,26
397,26,34,397,26
398,26,34,398,26
399,26,34,399,26
400,26,34,400,26
401,26,34,401,26
402,26,34,402,26
403,26,34,403,26
404,26,34,404,26
405,26,34,405,26
406,26,34,406,26
407,26,34,407,26
408,26,34,408,26
409,26,34,409,26
410,26,34,410,26
411,26,34,411,26
412,26,34,412,26
413,26,34,413,26
414,26,34,414,26
415,26,34,415,26
416,26,34,416,26
417,26,34,417,26
418,26,34,418,26
419,26,34,419,26
419,26,35,419,26
420,26,35,420,26
421,26,35,421,26
422,26,35,422,26
423,26,35,423,26
424,26,35,424,26
425,26,35,425,26
426,26,35,426,26
427,26,35,427,26
428,26,35,428,26
429,26,35,429,26
430,26,35,430,26
431,26,35,431,26
432,26,35,432,26
433,26,35,433,26
434,26,35,434,26
435,26,35,435,26
436,26,35,436,26
437,26,35,437,26
437,26,36,437,26
438,26,36,438,26
438,27,36,438,27
439,27,36,439,27
439,27,37,439,27
440,27,37,440,27
441,27,37,441,27
442,27,37,442,27
443,27,37,443,27
444,27,37,444,27
445,27,37,445,27
446,27,37,446,27
447,27,37,447,27
448,27,37,448,27
448,27,38,448,27
449,27,38,449,27
450,27,38,450,27
451,27,38,451,27
452,27,38,452,27
453,27,38,453,27
454,27,38,454,27
455,27,38,455,27
456,27,38,456,27
457,27,38,457,27
458,27,38,458,27
459,27,38,459,27
460,27,38,460,27
461,27,38,461,27
462,27,38,462,27
463,27,38,463,27
464,27,38,464,27
465,27,38,465,27
466,27,38,466,27
467,27,38,467,27
468,27,38,468,27
469,27,38,469,27
470,27,38,470,27
471,27,38,471,27
472,27,38,472,27
473,27,38,473,27
474,27,38,474,27
474,27,39,474,27
475,27,39,475,27
476,27,39,476,27
477,27,39,477,27
478,27,39,478,27
479,27,39,479,27
480,27,39,480,27
481,27,39,481,27
482,27,39,482,27
483,27,39,483,27
484,27,39,484,27
484,27,40,484,27
485,27,40,485,27
486,27,40,486,27
487,27,40,487,27
488,27,40,488,27
489,27,40,489,27
490,27,40,490,27
491,27,40,491,27
492,27,40,492,27
493,27,40,493,27
494,27,40,494,27
494,27,41,494,27
495,27,41,495,27
496,27,41,496,27
497,27,41,497,27
498,27,41,498,27
499,27,41,499,27
500,27,41,500,27
501,27,41,501,27
502,27,41,502,27
503,27,41,503,27
504,27,41,504,27
505,27,41,505,27
506,27,41,506,27
507,27,41,507,27
508,27,41,508,27
509,27,41,509,27
510,27,41,510,27
511,27,41,511,27
512,27,41,512,27
513,27,41,513,27
514,27,41,514,27
515,27,41,515,27
516,27,41,516,27
517,27,41,517,27
518,27,41,518,27
519,27,41,519,27
520,27,41,520,27
521,27,41,521,27
522,27,41,522,27
523,27,41,523,27
524,27,41,524,27
525,27,41,525,27
525,27,42,525,27
526,27,42,526,27
527,27,42,527,27
528,27,42,528,27
529,27,42,529,27
530,27,42,530,27
531,27,42,531,27
531,27,43,531,27
532,27,43,532,27
533,27,43,533,27
534,27,43,534,27
535,27,43,535,27
536,27,43,536,27
537,27,43,537,27
538,27,43,538,27
539,27,43,539,27
540,27,43,540,27
541,27,43,541,27
542,27,43,542,27
543,27,43,543,27
544,27,43,544,27
545,27,43,545,27
546,27,43,546,27
547,27,43,547,27
548,27,43,548,27
549,27,43,549,27
550,27,43,550,27
551,27,43,551,27
552,27,43,552,27
553,27,43,553,27
554,27,43,554,27
555,27,43,555,27
556,27,43,556,27
557,27,43,557,27
558,27,43,558,27
559,27,43,559,27
560,27,43,560,27
561,27,43,561,27
562,27,43,562,27
563,27,43,563,27
564,27,43,564,27
565,27,43,565,27
566,27,43,566,27
567,27,43,567,27
568,27,43,568,27
569,27,43,569,27
570,27,43,570,27
571,27,43,571,27
572,27,43,572,27
573,27,43,573,27
574,27,43,574,27
575,27,43,575,27
576,27,43,576,27
576,27,44,576,27
577,27,44,577,27
578,27,44,578,27
579,27,44,579,27
580,27,44,580,27
581,27,44,581,27
582,27,44,582,27
583,27,44,583,27
584,27,44,584,27
584,28,44,584,28
585,28,44,585,28
585,28,45,585,28
586,28,45,586,28
587,28,45,587,28
587,28,46,587,28
588,28,46,588,28
589,28,46,589,28
590,28,46,590,28
591,28,46,591,28
592,28,46,592,28
593,28,46,593,28
594,28,46,594,28
595,28,46,595,28
596,28,46,596,28
597,28,46,597,28
598,28,46,598,28
598,28,47,598,28
599,28,47,599,28
600,28,47,600,28
601,28,47,601,28
602,28,47,602,28
603,28,47,603,28
604,28,47,604,28
605,28,47,605,28
606,28,47,606,28
607,28,47,607,28
607,28,48,607,28
608,28,48,608,28
609,28,48,609,28
610,28,48,610,28
611,28,48,611,28
612,28,48,612,28
613,28,48,613,28
614,28,48,614,28
615,28,48,615,28
616,28,48,616,28
616,28,49,616,28
617,28,49,617,28
618,28,49,618,28
619,28,49,619,28
620,28,49,620,28
621,28,49,621,28
622,28,49,622,28
623,28,49,623,28
624,28,49,624,28
625,28,49,625,28
626,28,49,626,28
627,28,49,627,28
628,28,49,628,28
629,28,49,629,28
630,28,49,630,28
631,28,49,631,28
632,28,49,632,28
633,28,49,633,28
634,28,49,634,28
635,28,49,635,28
636,28,49,636,28
637,28,49,637,28
638,28,49,638,28
639,28,49,639,28
640,28,49,640,28
641,28,49,641,28
642,28,49,642,28
643,28,49,643,28
644,28,49,644,28
644,28,50,644,28
645,28,50,645,28
646,28,50,646,28
647,28,50,647,28
648,28,50,648,28
649,28,50,649,28
650,28,50,650,28
651,28,50,651,28
652,28,50,652,28
653,28,50,653,28
654,28,50,654,28
655,28,50,655,28
656,28,50,656,28
657,28,50,657,28
658,28,50,658,28
659,28,50,659,28
660,28,50,660,28
661,28,50,661,28
662,28,50,662,28
663,28,50,663,28
664,28,50,664,28
665,28,50,665,28
666,28,50,666,28
667,28,50,667,28
668,28,50,668,28
669,28,50,669,28
670,28,50,670,28
671,28,50,671,28
672,28,50,672,28
672,28,51,672,28
673,28,51,673,28
674,28,51,674,28
675,28,51,675,28
676,28,51,676,28
677,28,51,677,28
678,28,51,678,28
679,28,51,679,28
680,28,51,680,28
681,28,51,681,28
682,28,51,682,28
683,28,51,683,28
684,28,51,684,28
685,28,51,685,28
686,28,51,686,28
687,28,51,687,28
688,28,51,688,28
689,28,51,689,28
690,28,51,690,28
691,28,51,691,28
692,28,51,692,28
693,28,51,693,28
694,28,51,694,28
695,28,51,695,28
696,28,51,696,28
697,28,51,697,28
698,28,51,698,28
699,28,51,699,28
700,28,51,700,28
701,28,51,701,28
702,28,51,702,28
702,28,52,702,28
703,28,52,703,28
704,28,52,704,28
705,28,52,705,28
706,28,52,706,28
706,28,53,706,28
707,28,53,707,28
708,28,53,708,28
709,28,53,709,28
710,28,53,710,28
711,28,53,711,28
712,28,53,712,28
713,28,53,713,28
714,28,53,714,28
715,28,53,715,28
716,28,53,716,28
717,28,53,717,28
718,28,53,718,28
719,28,53,719,28
720,28,53,720,28
721,28,53,721,28
722,28,53,722,28
722,28,54,722,28
723,28,54,723,28
724,28,54,724,28
725,28,54,725,28
726,28,54,726,28
727,28,54,727,28
728,28,54,728,28
728,28,55,728,28
729,28,55,729,28
730,28,55,730,28
731,28,55,731,28
732,28,55,732,28
733,28,55,733,28
734,28,55,734,28
735,28,55,735,28
736,28,55,736,28
737,28,55,737,28
738,28,55,738,28
739,28,55,739,28
740,28,55,740,28
741,28,55,741,28
742,28,55,742,28
743,28,55,743,28
744,28,55,744,28
745,28,55,745,28
746,28,55,746,28
747,28,55,747,28
748,28,55,748,28
749,28,55,749,28
750,28,55,750,28
751,28,55,751,28
752,28,55,752,28
753,28,55,753,28
754,28,55,754,28
755,28,55,755,28
756,28,55,756,28
757,28,55,757,28
758,28,55,758,28
759,28,55,759,28
759,28,56,759,28
760,28,56,760,28
761,28,56,761,28
762,28,56,762,28
763,28,56,763,28
764,28,56,764,28
765,28,56,765,28
766,28,56,766,28
767,28,56,767,28
768,28,56,768,28
769,28,56,769,28
770,28,56,770,28
770,28,57,770,28
771,28,57,771,28
772,28,57,772,28
773,28,57,773,28
774,28,57,774,28
775,28,57,775,28
776,28,57,776,28
777,28,57,777,28
778,28,57,778,28
779,28,57,779,28
780,28,57,780,28
781,28,57,781,28
782,28,57,782,28
783,28,57,783,28
784,28,57,784,28
785,28,57,785,28
786,28,57,786,28
786,28,58,786,28
787,28,58,787,28
787,28,59,787,28
788,28,59,788,28
789,28,59,789,28
790,28,59,790,28
791,28,59,791,28
792,28,59,792,28
793,28,59,793,28
794,28,59,794,28
795,28,59,795,28
796,28,59,796,28
796,28,60,796,28
797,28,60,797,28
798,28,60,798,28
798,28,61,798,28
799,28,61,799,28
800,28,61,800,28
801,28,61,801,28
802,28,61,802,28
803,28,61,803,28
803,28,62,803,28
804,28,62,804,28
805,28,62,805,28
806,28,62,806,28
807,28,62,807,28
808,28,62,808,28
809,28,62,809,28
810,28,62,810,28
811,28,62,811,28
812,28,62,812,28
813,28,62,813,28
814,28,62,814,28
815,28,62,815,28
816,28,62,816,28
817,28,62,817,28
818,28,62,818,28
819,28,62,819,28
820,28,62,820,28
821,28,62,821,28
821,28,63,821,28
822,28,63,822,28
823,28,63,823,28
824,28,63,824,28
825,28,63,825,28
826,28,63,826,28
827,28,63,827,28
828,28,63,828,28
829,28,63,829,28
829,28,64,829,28
830,28,64,830,28
831,28,64,831,28
832,28,64,832,28
833,28,64,833,28
834,28,64,834,28
835,28,64,835,28
836,28,64,836,28
837,28,64,837,28
838,28,64,838,28
839,28,64,839,28
840,28,64,840,28
841,28,64,841,28
842,28,64,842,28
843,28,64,843,28
844,28,64,844,28
845,28,64,845,28
846,28,64,846,28
847,28,64,847,28
848,28,64,848,28
849,28,64,849,28
850,28,64,850,28
851,28,64,851,28
852,28,64,852,28
853,28,64,853,28
854,28,64,854,28
855,28,64,855,28
856,28,64,856,28
857,28,64,857,28
858,28,64,858,28
859,28,64,859,28
860,28,64,860,28
861,28,64,861,28
862,28,64,862,28
863,28,64,863,28
864,28,64,864,28
864,28,65,864,28
865,28,65,865,28
866,28,65,866,28
867,28,65,867,28
868,28,65,868,28
869,28,65,869,28
870,28,65,870,28
871,28,65,871,28
872,28,65,872,28
873,28,65,873,28
874,28,65,874,28
875,28,65,875,28
876,28,65,876,28
877,28,65,877,28
878,28,65,878,28
879,28,65,879,28
880,28,65,880,28
881,28,65,881,28
882,28,65,882,28
883,28,65,883,28
884,28,65,884,28
885,28,65,885,28
886,28,65,886,28
887,28,65,887,28
888,28,65,888,28
889,28,65,889,28
890,28,65,890,28
891,28,65,891,28
892,28,65,892,28
893,28,65,893,28
894,28,65,894,28
895,28,65,895,28
896,28,65,896,28
897,28,65,897,28
898,28,65,898,28
899,28,65,899,28
900,28,65,900,28
901,28,65,901,28
902,28,65,902,28
903,28,65,903,28
904,28,65,904,28
905,28,65,905,28
906,28,65,906,28
907,28,65,907,28
908,28,65,908,28
909,28,65,909,28
910,28,65,910,28
911,28,65,911,28
912,28,65,912,28
913,28,65,913,28
914,28,65,914,28
915,28,65,915,28
916,28,65,916,28
917,28,65,917,28
918,28,65,918,28
919,28,65,919,28
920,28,65,920,28
921,28,65,921,28
922,28,65,922,28
922,28,66,922,28
923,28,66,923,28
924,28,66,924,28
925,28,66,925,28
926,28,66,926,28
927,28,66,927,28
928,28,66,928,28
929,28,66,929,28
930,28,66,930,28
931,28,66,931,28
932,28,66,932,28
933,28,66,933,28
934,28,66,934,28
935,28,66,935,28
936,28,66,936,28
936,28,67,936,28
937,28,67,937,28
937,28,68,937,28
938,28,68,938,28
939,28,68,939,28
940,28,68,940,28
941,28,68,941,28
942,28,68,942,28
943,28,68,943,28
944,28,68,944,28
945,28,68,945,28
946,28,68,946,28
947,28,68,947,28
948,28,68,948,28
949,28,68,949,28
950,28,68,950,28
951,28,68,951,28
952,28,68,952,28
953,28,68,953,28
954,28,68,954,28
955,28,68,955,28
956,28,68,956,28
957,28,68,957,28
958,28,68,958,28
959,28,68,959,28
960,28,68,960,28
961,28,68,961,28
962,28,68,962,28
963,28,68,963,28
963,28,69,963,28
964,28,69,964,28
965,28,69,965,28
966,28,69,966,28
967,28,69,967,28
968,28,69,968,28
969,28,69,969,28
970,28,69,970,28
971,28,69,971,28
972,28,69,972,28
973,28,69,973,28
974,28,69,974,28
975,28,69,975,28
976,28,69,976,28
977,28,69,977,28
978,28,69,978,28
979,28,69,979,28
980,28,69,980,28
981,28,69,981,28
982,28,69,982,28
983,28,69,983,28
984,28,69,984,28
985,28,69,985,28
986,28,69,986,28
987,28,69,987,28
988,28,69,988,28
989,28,69,989,28
989,28,70,989,28
990,28,70,990,28
991,28,70,991,28
992,28,70,992,28
993,28,70,993,28
994,28,70,994,28
995,28,70,995,28
996,28,70,996,28
997,28,70,997,28
998,28,70,998,28
999,28,70,999,28
1000,28,70,1000,28
1001,28,70,1001,28
1002,28,70,1002,28
1003,28,70,1003,28
1004,28,70,1004,28
1005,28,70,1005,28
1006,28,70,1006,28
1007,28,70,1007,28
1008,28,70,1008,28
1009,28,70,1009,28
1010,28,70,1010,28
1011,28,70,1011,28
1012,28,70,1012,28
1013,28,70,1013,28
1014,28,70,1014,28
1015,28,70,1015,28
1015,28,71,1015,28
1016,28,71,1016,28
1016,29,71,1016,29
1017,29,71,1017,29
1018,29,71,1018,29
1018,29,72,1018,29
1019,29,72,1019,29
1019,29,73,1019,29
1020,29,73,1020,29
1021,29,73,1021,29
1022,29,73,1022,29
1023,29,73,1023,29
1024,29,73,1024,29
1025,29,73,1025,29
1026,29,73,1026,29
1027,29,73,1027,29
1028,29,73,1028,29
1029,29,73,1029,29
1030,29,73,1030,29
1031,29,73,1031,29
1032,29,73,1032,29
1033,29,73,1033,29
1034,29,73,1034,29
1035,29,73,1035,29
1036,29,73,1036,29
1037,29,73,1037,29
1038,29,73,1038,29
1038,29,74,1038,29
1039,29,74,1039,29
1040,29,74,1040,29
1041,29,74,1041,29
1042,29,74,1042,29
1043,29,74,1043,29
1044,29,74,1044,29
1045,29,74,1045,29
1046,29,74,1046,29
1047,29,74,1047,29
1048,29,74,1048,29
1049,29,74,1049,29
1050,29,74,1050,29
1051,29,74,1051,29
1052,29,74,1052,29
1053,29,74,1053,29
1054,29,74,1054,29
1055,29,74,1055,29
1055,29,75,1055,29
1056,29,75,1056,29
1057,29,75,1057,29
1058,29,75,1058,29
1059,29,75,1059,29
1060,29,75,1060,29
1061,29,75,1061,29
1062,29,75,1062,29
1063,29,75,1063,29
1063,29,76,1063,29
1064,29,76,1064,29
1065,29,76,1065,29
1066,29,76,1066,29
1067,29,76,1067,29
1068,29,76,1068,29
1069,29,76,1069,29
1070,29,76,1070,29
1071,29,76,1071,29
1072,29,76,1072,29
1072,29,77,1072,29
1073,29,77,1073,29
1074,29,77,1074,29
1075,29,77,1075,29
1076,29,77,1076,29
1077,29,77,1077,29
1078,29,77,1078,29
1079,29,77,1079,29
1080,29,77,1080,29
1081,29,77,1081,29
1082,29,77,1082,29
1083,29,77,1083,29
1084,29,77,1084,29
1085,29,77,1085,29
1086,29,77,1086,29
1087,29,77,1087,29
1088,29,77,1088,29
1089,29,77,1089,29
1090,29,77,1090,29
1091,29,77,1091,29
1092,29,77,1092,29
1093,29,77,1093,29
1094,29,77,1094,29
1095,29,77,1095,29
1096,29,77,1096,29
1097,29,77,1097,29
1098,29,77,1098,29
1099,29,77,1099,29
1100,29,77,1100,29
1101,29,77,1101,29
1102,29,77,1102,29
1103,29,77,1103,29
1104,29,77,1104,29
1105,29,77,1105,29
1106,29,77,1106,29
1107,29,77,1107,29
1108,29,77,1108,29
1109,29,77,1109,29
1110,29,77,1110,29
1110,29,78,1110,29
1111,29,78,1111,29
1112,29,78,1112,29
1113,29,78,1113,29
1113,30,78,1113,30
1114,30,78,1114,30
1114,30,79,1114,30
1114,31,79,1114,31
1115,31,79,1115,31
1116,31,79,1116,31
1117,31,79,1117,31
1118,31,79,1118,31
1119,31,79,1119,31
1120,31,79,1120,31
1121,31,79,1121,31
1122,31,79,1122,31
1123,31,79,1123,31
1123,31,80,1123,31
1124,31,80,1124,31
1125,31,80,1125,31
1126,31,80,1126,31
1127,31,80,1127,31
1128,31,80,1128,31
1129,31,80,1129,31
1130,31,80,1130,31
1131,31,80,1131,31
1132,31,80,1132,31
1133,31,80,1133,31
1134,31,80,1134,31
1135,31,80,1135,31
1136,31,80,1136,31
1137,31,80,1137,31
1138,31,80,1138,31
1139,31,80,1139,31
1140,31,80,1140,31
1141,31,80,1141,31
1142,31,80,1142,31
1143,31,80,1143,31
1144,31,80,1144,31
1145,31,80,1145,31
1146,31,80,1146,31
1147,31,80,1147,31
1148,31,80,1148,31
1149,31,80,1149,31
1150,31,80,1150,31
1151,31,80,1151,31
1152,31,80,1152,31
1153,31,80,1153,31
1154,31,80,1154,31
1155,31,80,1155,31
1156,31,80,1156,31
1157,31,80,1157,31
1158,31,80,1158,31
1158,31,81,1158,31
1159,31,81,1159,31
1160,31,81,1160,31
1161,31,81,1161,31
1162,31,81,1162,31
1163,31,81,1163,31
1164,31,81,1164,31
1165,31,81,1165,31
1166,31,81,1166,31
1167,31,81,1167,31
1168,31,81,1168,31
1169,31,81,1169,31
1170,31,81,1170,31
1171,31,81,1171,31
1172,31,81,1172,31
1173,31,81,1173,31
1174,31,81,1174,31
1175,31,81,1175,31
1176,31,81,1176,31
1177,31,81,1177,31
1178,31,81,1178,31
1179,31,81,1179,31
1180,31,81,1180,31
1181,31,81,1181,31
1182,31,81,1182,31
1183,31,81,1183,31
1184,31,81,1184,31
1185,31,81,1185,31
1186,31,81,1186,31
1187,31,81,1187,31
1188,31,81,1188,31
1189,31,81,1189,31
1189,31,82,1189,31
1190,31,82,1190,31
1191,31,82,1191,31
1192,31,82,1192,31
1193,31,82,1193,31
1194,31,82,1194,31
1195,31,82,1195,31
1196,31,82,1196,31
1196,31,83,1196,31
1197,31,83,1197,31
1198,31,83,1198,31
1198,31,84,1198,31
1199,31,84,1199,31
1200,31,84,1200,31
1201,31,84,1201,31
1202,31,84,1202,31
1202,32,84,1202,32
1203,32,84,1203,32
1204,32,84,1204,32
1205,32,84,1205,32
1206,32,84,1206,32
1206,33,84,1206,33
1207,33,84,1207,33
1207,33,85,1207,33
1208,33,85,1208,33
1208,33,86,1208,33
1209,33,86,1209,33
1210,33,86,1210,33
1211,33,86,1211,33
1212,33,86,1212,33
1213,33,86,1213,33
1214,33,86,1214,33
1215,33,86,1215,33
1216,33,86,1216,33
1217,33,86,1217,33
1218,33,86,1218,33
1219,33,86,1219,33
1220,33,86,1220,33
1221,33,86,1221,33
1222,33,86,1222,33
1223,33,86,1223,33
1224,33,86,1224,33
1225,33,86,1225,33
1226,33,86,1226,33
1227,33,86,1227,33
1228,33,86,1228,33
1229,33,86,1229,33
1230,33,86,1230,33
1231,33,86,1231,33
1232,33,86,1232,33
1233,33,86,1233,33
1234,33,86,1234,33
1235,33,86,1235,33
1236,33,86,1236,33
1237,33,86,1237,33
1238,33,86,1238,33
1239,33,86,1239,33
1240,33,86,1240,33
1241,33,86,1241,33
1241,33,87,1241,33
1242,33,87,1242,33
1243,33,87,1243,33
1244,33,87,1244,33
1244,33,88,1244,33
1245,33,88,1245,33
1246,33,88,1246,33
1247,33,88,1247,33
1248,33,88,1248,33
1249,33,88,1249,33
1250,33,88,1250,33
1251,33,88,1251,33
1252,33,88,1252,33
1253,33,88,1253,33
1254,33,88,1254,33
1255,33,88,1255,33
1256,33,88,1256,33
1257,33,88,1257,33
1258,33,88,1258,33
1259,33,88,1259,33
1260,33,88,1260,33
1261,33,88,1261,33
1262,33,88,1262,33
1263,33,88,1263,33
1264,33,88,1264,33
1265,33,88,1265,33
1266,33,88,1266,33
1267,33,88,1267,33
1268,33,88,1268,33
1269,33,88,1269,33
1270,33,88,1270,33
1271,33,88,1271,33
1272,33,88,1272,33
1273,33,88,1273,33
1274,33,88,1274,33
1275,33,88,1275,33
1276,33,88,1276,33
1277,33,88,1277,33
1278,33,88,1278,33
1279,33,88,1279,33
1280,33,88,1280,33
1281,33,88,1281,33
1282,33,88,1282,33
1282,34,88,1282,34
1283,34,88,1283,34
1283,34,89,1283,34
1284,34,89,1284,34
1284,35,89,1284,35
1285,35,89,1285,35
1286,35,89,1286,35
1287,35,89,1287,35
1288,35,89,1288,35
1289,35,89,1289,35
1290,35,89,1290,35
1291,35,89,1291,35
1292,35,89,1292,35
1293,35,89,1293,35
1294,35,89,1294,35
1295,35,89,1295,35
1296,35,89,1296,35
1297,35,89,1297,35
1298,35,89,1298,35
1299,35,89,1299,35
1300,35,89,1300,35
1301,35,89,1301,35
1302,35,89,1302,35
1303,35,89,1303,35
1304,35,89,1304,35
1305,35,89,1305,35
1306,35,89,1306,35
1307,35,89,1307,35
1308,35,89,1308,35
1309,35,89,1309,35
1310,35,89,1310,35
1311,35,89,1311,35
1312,35,89,1312,35
1313,35,89,1313,35
1314,35,89,1314,35
1315,35,89,1315,35
1316,35,89,1316,35
1316,35,90,1316,35
1317,35,90,1317,35
1318,35,90,1318,35
1318,35,91,1318,35
1319,35,91,1319,35
1320,35,91,1320,35
1321,35,91,1321,35
1322,35,91,1322,35
1323,35,91,1323,35
1324,35,91,1324,35
1325,35,91,1325,35
1326,35,91,1326,35
1326,35,92,1326,35
1327,35,92,1327,35
1328,35,92,1328,35
1329,35,92,1329,35
1330,35,92,1330,35
1331,35,92,1331,35
1332,35,92,1332,35
1332,35,93,1332,35
1333,35,93,1333,35
1334,35,93,1334,35
1335,35,93,1335,35
1336,35,93,1336,35
1337,35,93,1337,35
1338,35,93,1338,35
1339,35,93,1339,35
1340,35,93,1340,35
1341,35,93,1341,35
1342,35,93,1342,35
1343,35,93,1343,35
1344,35,93,1344,35
1344,36,93,1344,36
1345,36,93,1345,36
1346,36,93,1346,36
1347,36,93,1347,36
1348,36,93,1348,36
1349,36,93,1349,36
1350,36,93,1350,36
1351,36,93,1351,36
1352,36,93,1352,36
1353,36,93,1353,36
1353,36,94,1353,36
1354,36,94,1354,36
1355,36,94,1355,36
1356,36,94,1356,36
1357,36,94,1357,36
1358,36,94,1358,36
1359,36,94,1359,36
1360,36,94,1360,36
1361,36,94,1361,36
1362,36,94,1362,36
1363,36,94,1363,36
1364,36,94,1364,36
1365,36,94,1365,36
1366,36,94,1366,36
1367,36,94,1367,36
1368,36,94,1368,36
1369,36,94,1369,36
1370,36,94,1370,36
1371,36,94,1371,36
1372,36,94,1372,36
1373,36,94,1373,36
1374,36,94,1374,36
1375,36,94,1375,36
1376,36,94,1376,36
1377,36,94,1377,36
1378,36,94,1378,36
1379,36,94,1379,36
1380,36,94,1380,36
1381,36,94,1381,36
1382,36,94,1382,36
1383,36,94,1383,36
1384,36,94,1384,36
1385,36,94,1385,36
1386,36,94,1386,36
1387,36,94,1387,36
1388,36,94,1388,36
1389,36,94,1389,36
1390,36,94,1390,36
1391,36,94,1391,36
1392,36,94,1392,36
1393,36,94,1393,36
1394,36,94,1394,36
1395,36,94,1395,36
1396,36,94,1396,36
1397,36,94,1397,36
1398,36,94,1398,36
1398,37,94,1398,37
1399,37,94,1399,37
1399,37,95,1399,37
1400,37,95,1400,37
1401,37,95,1401,37
1402,37,95,1402,37
1403,37,95,1403,37
1404,37,95,1404,37
1405,37,95,1405,37
1406,37,95,1406,37
1407,37,95,1407,37
1408,37,95,1408,37
1409,37,95,1409,37
1410,37,95,1410,37
1411,37,95,1411,37
1412,37,95,1412,37
1413,37,95,1413,37
1414,37,95,1414,37
1415,37,95,1415,37
1415,38,95,1415,38
1416,38,95,1416,38
1417,38,95,1417,38
1418,38,95,1418,38
1419,38,95,1419,38
1420,38,95,1420,38
1421,38,95,1421,38
1422,38,95,1422,38
1423,38,95,1423,38
1424,38,95,1424,38
1425,38,95,1425,38
1426,38,95,1426,38
1426,38,96,1426,38
1427,38,96,1427,38
1427,38,97,1427,38
1428,38,97,1428,38
1429,38,97,1429,38
1430,38,97,1430,38
1431,38,97,1431,38
1432,38,97,1432,38
1433,38,97,1433,38
1434,38,97,1434,38
1435,38,97,1435,38
1436,38,97,1436,38
1437,38,97,1437,38
1438,38,97,1438,38
1439,38,97,1439,38
1440,38,97,1440,38
1441,38,97,1441,38
1442,38,97,1442,38
1443,38,97,1443,38
1444,38,97,1444,38
1445,38,97,1445,38
1446,38,97,1446,38
1447,38,97,1447,38
1448,38,97,1448,38
1449,38,97,1449,38
1450,38,97,1450,38
1451,38,97,1451,38
1452,38,97,1452,38
1453,38,97,1453,38
1454,38,97,1454,38
1455,38,97,1455,38
1456,38,97,1456,38
1457,38,97,1457,38
1458,38,97,1458,38
1458,38,98,1458,38
1459,38,98,1459,38
1460,38,98,1460,38
1461,38,98,1461,38
1462,38,98,1462,38
1463,38,98,1463,38
1464,38,98,1464,38
1465,38,98,1465,38
1466,38,98,1466,38
1467,38,98,1467,38
1468,38,98,1468,38
1469,38,98,1469,38
1470,38,98,1470,38
1471,38,98,1471,38
1472,38,98,1472,38
1473,38,98,1473,38
1474,38,98,1474,38
1475,38,98,1475,38
1475,38,99,1475,38
1476,38,99,1476,38
1476,38,100,1476,38
1477,38,100,1477,38
1477,38,101,1477,38
1478,38,101,1478,38
1479,38,101,1479,38
1480,38,101,1480,38
1481,38,101,1481,38
1482,38,101,1482,38
1482,38,102,1482,38
1483,38,102,1483,38
1484,38,102,1484,38
1485,38,102,1485,38
1486,38,102,1486,38
1487,38,102,1487,38
1488,38,102,1488,38
1489,38,102,1489,38
1489,38,103,1489,38
1490,38,103,1490,38
1491,38,103,1491,38
1492,38,103,1492,38
1493,38,103,1493,38
1494,38,103,1494,38
1495,38,103,1495,38
1496,38,103,1496,38
1497,38,103,1497,38
1498,38,103,1498,38
1499,38,103,1499,38
1500,38,103,1500,38
1501,38,103,1501,38
1502,38,103,1502,38
1503,38,103,1503,38
1504,38,103,1504,38
1505,38,103,1505,38
1506,38,103,1506,38
1506,38,104,1506,38
1507,38,104,1507,38
1508,38,104,1508,38
1509,38,104,1509,38
1510,38,104,1510,38
1511,38,104,1511,38
1512,38,104,1512,38
1513,38,104,1513,38
1514,38,104,1514,38
1515,38,104,1515,38
1516,38,104,1516,38
1517,38,104,1517,38
1518,38,104,1518,38
1519,38,104,1519,38
1520,38,104,1520,38
1521,38,104,1521,38
1522,38,104,1522,38
1523,38,104,1523,38
1524,38,104,1524,38
1525,38,104,1525,38
1526,38,104,1526,38
1527,38,104,1527,38
1528,38,104,1528,38
1529,38,104,1529,38
1530,38,104,1530,38
1531,38,104,1531,38
1532,38,104,1532,38
1533,38,104,1533,38
1534,38,104,1534,38
1535,38,104,1535,38
1536,38,104,1536,38
1537,38,104,1537,38
1538,38,104,1538,38
1539,38,104,1539,38
1540,38,104,1540,38
1541,38,104,1541,38
1542,38,104,1542,38
1543,38,104,1543,38
1544,38,104,1544,38
1545,38,104,1545,38
1546,38,104,1546,38
1547,38,104,1547,38
1548,38,104,1548,38
1549,38,104,1549,38
1550,38,104,1550,38
1551,38,104,1551,38
1552,38,104,1552,38
1553,38,104,1553,38
1554,38,104,1554,38
1555,38,104,1555,38
1556,38,104,1556,38
1556,38,105,1556,38
1557,38,105,1557,38
1558,38,105,1558,38
1559,38,105,1559,38
1560,38,105,1560,38
1561,38,105,1561,38
1561,38,106,1561,38
1562,38,106,1562,38
1562,38,107,1562,38
1563,38,107,1563,38
1564,38,107,1564,38
1565,38,107,1565,38
1566,38,107,1566,38
1567,38,107,1567,38
1568,38,107,1568,38
1569,38,107,1569,38
1570,38,107,1570,38
1571,38,107,1571,38
1572,38,107,1572,38
1573,38,107,1573,38
1574,38,107,1574,38
1574,38,108,1574,38
1575,38,108,1575,38
1576,38,108,1576,38
1577,38,108,1577,38
1578,38,108,1578,38
1579,38,108,1579,38
1580,38,108,1580,38
1581,38,108,1581,38
1582,38,108,1582,38
1583,38,108,1583,38
1584,38,108,1584,38
1585,38,108,1585,38
1586,38,108,1586,38
1587,38,108,1587,38
1588,38,108,1588,38
1589,38,108,1589,38
1590,38,108,1590,38
1591,38,108,1591,38
1592,38,108,1592,38
1593,38,108,1593,38
1594,38,108,1594,38
1595,38,108,1595,38
1596,38,108,1596,38
1597,38,108,1597,38
1598,38,108,1598,38
1599,38,108,1599,38
1600,38,108,1600,38
1601,38,108,1601,38
1601,38,109,1601,38
1602,38,109,1602,38
1603,38,109,1603,38
1604,38,109,1604,38
1605,38,109,1605,38
1606,38,109,1606,38
1607,38,109,1607,38
1608,38,109,1608,38
1609,38,109,1609,38
1610,38,109,1610,38
1611,38,109,1611,38
1612,38,109,1612,38
1613,38,109,1613,38
1614,38,109,1614,38
1615,38,109,1615,38
1616,38,109,1616,38
1617,38,109,1617,38
1618,38,109,1618,38
1619,38,109,1619,38
1620,38,109,1620,38
1621,38,109,1621,38
1622,38,109,1622,38
1623,38,109,1623,38
1624,38,109,1624,38
1625,38,109,1625,38
1626,38,109,1626,38
1627,38,109,1627,38
1628,38,109,1628,38
1629,38,109,1629,38
1630,38,109,1630,38
1631,38,109,1631,38
1632,38,109,1632,38
1633,38,109,1633,38
1634,38,109,1634,38
1635,38,109,1635,38
1636,38,109,1636,38
1637,38,109,1637,38
1637,38,110,1637,38
1638,38,110,1638,38
1638,39,110,1638,39
1639,39,110,1639,39
1640,39,110,1640,39
1641,39,110,1641,39
1642,39,110,1642,39
1643,39,110,1643,39
1644,39,110,1644,39
1645,39,110,1645,39
1646,39,110,1646,39
1647,39,110,1647,39
1648,39,110,1648,39
1649,39,110,1649,39
1650,39,110,1650,39
1651,39,110,1651,39
1652,39,110,1652,39
1653,39,110,1653,39
1654,39,110,1654,39
1655,39,110,1655,39
1656,39,110,1656,39
1657,39,110,1657,39
1658,39,110,1658,39
1659,39,110,1659,39
1660,39,110,1660,39
1661,39,110,1661,39
1662,39,110,1662,39
1663,39,110,1663,39
1664,39,110,1664,39
1665,39,110,1665,39
1666,39,110,1666,39
1667,39,110,1667,39
1668,39,110,1668,39
1669,39,110,1669,39
1670,39,110,1670,39
1671,39,110,1671,39
1672,39,110,1672,39
1673,39,110,1673,39
1674,39,110,1674,39
1675,39,110,1675,39
1676,39,110,1676,39
1677,39,110,1677,39
1678,39,110,1678,39
1679,39,110,1679,39
1680,39,110,1680,39
1681,39,110,1681,39
1682,39,110,1682,39
1683,39,110,1683,39
1684,39,110,1684,39
1685,39,110,1685,39
1686,39,110,1686,39
1687,39,110,1687,39
1688,39,110,1688,39
1689,39,110,1689,39
1690,39,110,1690,39
1691,39,110,1691,39
1692,39,110,1692,39
1693,39,110,1693,39
1694,39,110,1694,39
1695,39,110,1695,39
1696,39,110,1696,39
1697,39,110,1697,39
1698,39,110,1698,39
1699,39,110,1699,39
1700,39,110,1700,39
1701,39,110,1701,39
1702,39,110,1702,39
1703,39,110,1703,39
1704,39,110,1704,39
1705,39,110,1705,39
1706,39,110,1706,39
1707,39,110,1707,39
1708,39,110,1708,39
1709,39,110,1709,39
1710,39,110,1710,39
1711,39,110,1711,39
1712,39,110,1712,39
1713,39,110,1713,39
1713,39,111,1713,39
1714,39,111,1714,39
1715,39,111,1715,39
1716,39,111,1716,39
1717,39,111,1717,39
1718,39,111,1718,39
1719,39,111,1719,39
1720,39,111,1720,39
1721,39,111,1721,39
1722,39,111,1722,39
1723,39,111,1723,39
1724,39,111,1724,39
1725,39,111,1725,39
1725,39,112,1725,39
1726,39,112,1726,39
1727,39,112,1727,39
1728,39,112,1728,39
1729,39,112,1729,39
1730,39,112,1730,39
1731,39,112,1731,39
1732,39,112,1732,39
1733,39,112,1733,39
1734,39,112,1734,39
1735,39,112,1735,39
1736,39,112,1736,39
1737,39,112,1737,39
1738,39,112,1738,39
1739,39,112,1739,39
1740,39,112,1740,39
1741,39,112,1741,39
1742,39,112,1742,39
1743,39,112,1743,39
1744,39,112,1744,39
1745,39,112,1745,39
1746,39,112,1746,39
1747,39,112,1747,39
1747,39,113,1747,39
1748,39,113,1748,39
1749,39,113,1749,39
1750,39,113,1750,39
1751,39,113,1751,39
1752,39,113,1752,39
1752,39,114,1752,39
1753,39,114,1753,39
1754,39,114,1754,39
1755,39,114,1755,39
1756,39,114,1756,39
1757,39,114,1757,39
1758,39,114,1758,39
1759,39,114,1759,39
1760,39,114,1760,39
1761,39,114,1761,39
1762,39,114,1762,39
1763,39,114,1763,39
1764,39,114,1764,39
1765,39,114,1765,39
1766,39,114,1766,39
1767,39,114,1767,39
1768,39,114,1768,39
1769,39,114,1769,39
1770,39,114,1770,39
1771,39,114,1771,39
1772,39,114,1772,39
1773,39,114,1773,39
1774,39,114,1774,39
1775,39,114,1775,39
1776,39,114,1776,39
1776,39,115,1776,39
1777,39,115,1777,39
1778,39,115,1778,39
1778,39,116,1778,39
1779,39,116,1779,39
1780,39,116,1780,39
1781,39,116,1781,39
1782,39,116,1782,39
1783,39,116,1783,39
1784,39,116,1784,39
1785,39,116,1785,39
1786,39,116,1786,39
1787,39,116,1787,39
1788,39,116,1788,39
1789,39,116,1789,39
1790,39,116,1790,39
1791,39,116,1791,39
1792,39,116,1792,39
1793,39,116,1793,39
1794,39,116,1794,39
1794,39,117,1794,39
1795,39,117,1795,39
1796,39,117,1796,39
1797,39,117,1797,39
1798,39,117,1798,39
1799,39,117,1799,39
1800,39,117,1800,39
1801,39,117,1801,39
1802,39,117,1802,39
1803,39,117,1803,39
1804,39,117,1804,39
1805,39,117,1805,39
1806,39,117,1806,39
1807,39,117,1807,39
1808,39,117,1808,39
1809,39,117,1809,39
1810,39,117,1810,39
1811,39,117,1811,39
1812,39,117,1812,39
1813,39,117,1813,39
1814,39,117,1814,39
1815,39,117,1815,39
1816,39,117,1816,39
1817,39,117,1817,39
1818,39,117,1818,39
1819,39,117,1819,39
1820,39,117,1820,39
1821,39,117,1821,39
1822,39,117,1822,39
1823,39,117,1823,39
1824,39,117,1824,39
1825,39,117,1825,39
1826,39,117,1826,39
1827,39,117,1827,39
1828,39,117,1828,39
1829,39,117,1829,39
1830,39,117,1830,39
1831,39,117,1831,39
1832,39,117,1832,39
1833,39,117,1833,39
1834,39,117,1834,39
1835,39,117,1835,39
1836,39,117,1836,39
1837,39,117,1837,39
1838,39,117,1838,39
1839,39,117,1839,39
1840,39,117,1840,39
1841,39,117,1841,39
1842,39,117,1842,39
1843,39,117,1843,39
1844,39,117,1844,39
1844,40,117,1844,40
1845,40,117,1845,40
1846,40,117,1846,40
1846,40,118,1846,40
1847,40,118,1847,40
1848,40,118,1848,40
1849,40,118,1849,40
1850,40,118,1850,40
1851,40,118,1851,40
1852,40,118,1852,40
1853,40,118,1853,40
1854,40,118,1854,40
1855,40,118,1855,40
1856,40,118,1856,40
1857,40,118,1857,40
1858,40,118,1858,40
1859,40,118,1859,40
1860,40,118,1860,40
1861,40,118,1861,40
1862,40,118,1862,40
1863,40,118,1863,40
1864,40,118,1864,40
1865,40,118,1865,40
1866,40,118,1866,40
1867,40,118,1867,40
1868,40,118,1868,40
1869,40,118,1869,40
1870,40,118,1870,40
1871,40,118,1871,40
1872,40,118,1872,40
1873,40,118,1873,40
1874,40,118,1874,40
1875,40,118,1875,40
1876,40,118,1876,40
1877,40,118,1877,40
1878,40,118,1878,40
1879,40,118,1879,40
1880,40,118,1880,40
1881,40,118,1881,40
1882,40,118,1882,40
1883,40,118,1883,40
1884,40,118,1884,40
1885,40,118,1885,40
1886,40,118,1886,40
1887,40,118,1887,40
1888,40,118,1888,40
1889,40,118,1889,40
1890,40,118,1890,40
1891,40,118,1891,40
1891,40,119,1891,40
1892,40,119,1892,40
1892,40,120,1892,40
1893,40,120,1893,40
1894,40,120,1894,40
1894,40,121,1894,40
1895,40,121,1895,40
1896,40,121,1896,40
1897,40,121,1897,40
1898,40,121,1898,40
1899,40,121,1899,40
1900,40,121,1900,40
1901,40,121,1901,40
1902,40,121,1902,40
1902,40,122,1902,40
1903,40,122,1903,40
1904,40,122,1904,40
1905,40,122,1905,40
1906,40,122,1906,40
1907,40,122,1907,40
1908,40,122,1908,40
1909,40,122,1909,40
1910,40,122,1910,40
1911,40,122,1911,40
1912,40,122,1912,40
1913,40,122,1913,40
1914,40,122,1914,40
1915,40,122,1915,40
1916,40,122,1916,40
1917,40,122,1917,40
1918,40,122,1918,40
1919,40,122,1919,40
1920,40,122,1920,40
1921,40,122,1921,40
1922,40,122,1922,40
1923,40,122,1923,40
1924,40,122,1924,40
1925,40,122,1925,40
1926,40,122,1926,40
1927,40,122,1927,40
1928,40,122,1928,40
1929,40,122,1929,40
1930,40,122,1930,40
1931,40,122,1931,40
1932,40,122,1932,40
1933,40,122,1933,40
1934,40,122,1934,40
1935,40,122,1935,40
1936,40,122,1936,40
1937,40,122,1937,40
1938,40,122,1938,40
1939,40,122,1939,40
1940,40,122,1940,40
1941,40,122,1941,40
1942,40,122,1942,40
1943,40,122,1943,40
1944,40,122,1944,40
1945,40,122,1945,40
1946,40,122,1946,40
1946,40,123,1946,40
1947,40,123,1947,40
1948,40,123,1948,40
1949,40,123,1949,40
1950,40,123,1950,40
1951,40,123,1951,40
1952,40,123,1952,40
1953,40,123,1953,40
1954,40,123,1954,40
1955,40,123,1955,40
1956,40,123,1956,40
1957,40,123,1957,40
1958,40,123,1958,40
1959,40,123,1959,40
1960,40,123,1960,40
1961,40,123,1961,40
1962,40,123,1962,40
1962,40,124,1962,40
1963,40,124,1963,40
1964,40,124,1964,40
1965,40,124,1965,40
1966,40,124,1966,40
1967,40,124,1967,40
1968,40,124,1968,40
1969,40,124,1969,40
1970,40,124,1970,40
1971,40,124,1971,40
1972,40,124,1972,40
1973,40,124,1973,40
1974,40,124,1974,40
1975,40,124,1975,40
1976,40,124,1976,40
1977,40,124,1977,40
1978,40,124,1978,40
1979,40,124,1979,40
1980,40,124,1980,40
1981,40,124,1981,40
1982,40,124,1982,40
1983,40,124,1983,40
1984,40,124,1984,40
1985,40,124,1985,40
1986,40,124,1986,40
1987,40,124,1987,40
1988,40,124,1988,40
1989,40,124,1989,40
1990,40,124,1990,40
1991,40,124,1991,40
1992,40,124,1992,40
1993,40,124,1993,40
1994,40,124,1994,40
1995,40,124,1995,40
1996,40,124,1996,40
1997,40,124,1997,40
1998,40,124,1998,40
1999,40,124,1999,40
2000,40,124,2000,40
2000,40,125,2000,40
2001,40,125,2001,40
2002,40,125,2002,40
2003,40,125,2003,40
2004,40,125,2004,40
2005,40,125,2005,40
2006,40,125,2006,40
2007,40,125,2007,40
2008,40,125,2008,40
2009,40,125,2009,40
2010,40,125,2010,40
2011,40,125,2011,40
2012,40,125,2012,40
2013,40,125,2013,40
2014,40,125,2014,40
2015,40,125,2015,40
2016,40,125,2016,40
2017,40,125,2017,40
2018,40,125,2018,40
2019,40,125,2019,40
2020,40,125,2020,40
2021,40,125,2021,40
2022,40,125,2022,40
2023,40,125,2023,40
2024,40,125,2024,40
2025,40,125,2025,40
2026,40,125,2026,40
2027,40,125,2027,40
2028,40,125,2028,40
2029,40,125,2029,40
2030,40,125,2030,40
2031,40,125,2031,40
2032,40,125,2032,40
2033,40,125,2033,40
2034,40,125,2034,40
2035,40,125,2035,40
2036,40,125,2036,40
2037,40,125,2037,40
2038,40,125,2038,40
2038,40,126,2038,40
2039,40,126,2039,40
2040,40,126,2040,40
2041,40,126,2041,40
2042,40,126,2042,40
2043,40,126,2043,40
2044,40,126,2044,40
2045,40,126,2045,40
2046,40,126,2046,40
2047,40,126,2047,40
2048,40,126,2048,40
2049,40,126,2049,40
2050,40,126,2050,40
2051,40,126,2051,40
2052,40,126,2052,40
2053,40,126,2053,40
2054,40,126,2054,40
2055,40,126,2055,40
2056,40,126,2056,40
2057,40,126,2057,40
2058,40,126,2058,40
2059,40,126,2059,40
2060,40,126,2060,40
2061,40,126,2061,40
2062,40,126,2062,40
2063,40,126,2063,40
2064,40,126,2064,40
2065,40,126,2065,40
2066,40,126,2066,40
2067,40,126,2067,40
2068,40,126,2068,40
2069,40,126,2069,40
2070,40,126,2070,40
2071,40,126,2071,40
2072,40,126,2072,40
2073,40,126,2073,40
2074,40,126,2074,40
2075,40,126,2075,40
2076,40,126,2076,40
2077,40,126,2077,40
2078,40,126,2078,40
2079,40,126,2079,40
2080,40,126,2080,40
2081,40,126,2081,40
2082,40,126,2082,40
2083,40,126,2083,40
2084,40,126,2084,40
2085,40,126,2085,40
2086,40,126,2086,40
2086,40,127,2086,40
2087,40,127,2087,40
2088,40,127,2088,40
2089,40,127,2089,40
2090,40,127,2090,40
2091,40,127,2091,40
2092,40,127,2092,40
2093,40,127,2093,40
2093,40,128,2093,40
2093,41,128,2093,41
2094,41,128,2094,41
2095,41,128,2095,41
2096,41,128,2096,41
2097,41,128,2097,41
2098,41,128,2098,41
2099,41,128,2099,41
2100,41,128,2100,41
2101,41,128,2101,41
2102,41,128,2102,41
2103,41,128,2103,41
2104,41,128,2104,41
2105,41,128,2105,41
2106,41,128,2106,41
2107,41,128,2107,41
2108,41,128,2108,41
2109,41,128,2109,41
2110,41,128,2110,41
2111,41,128,2111,41
2112,41,128,2112,41
2113,41,128,2113,41
2114,41,128,2114,41
2115,41,128,2115,41
2116,41,128,2116,41
2117,41,128,2117,41
2118,41,128,2118,41
2119,41,128,2119,41
2120,41,128,2120,41
2121,41,128,2121,41
2122,41,128,2122,41
2123,41,128,2123,41
2124,41,128,2124,41
2125,41,128,2125,41
2126,41,128,2126,41
2127,41,128,2127,41
2128,41,128,2128,41
2129,41,128,2129,41
2130,41,128,2130,41
2131,41,128,2131,41
2132,41,128,2132,41
2133,41,128,2133,41
2134,41,128,2134,41
2135,41,128,2135,41
2136,41,128,2136,41
2137,41,128,2137,41
2138,41,128,2138,41
2139,41,128,2139,41
2140,41,128,2140,41
2141,41,128,2141,41
2142,41,128,2142,41
2143,41,128,2143,41
2144,41,128,2144,41
2145,41,128,2145,41
2146,41,128,2146,41
2147,41,128,2147,41
2147,41,129,2147,41
2148,41,129,2148,41
2149,41,129,2149,41
2150,41,129,2150,41
2151,41,129,2151,41
2151,41,130,2151,41
2152,41,130,2152,41
2152,42,130,2152,42
2153,42,130,2153,42
2153,43,130,2153,43
2154,43,130,2154,43
2154,44,130,2154,44
2155,44,130,2155,44
2155,45,130,2155,45
2156,45,130,2156,45
2156,46,130,2156,46
2157,46,130,2157,46
2157,47,130,2157,47
2158,47,130,2158,47
2158,48,130,2158,48
2159,48,130,2159,48
2159,49,130,2159,49
2160,49,130,2160,49
2160,50,130,2160,50
2161,50,130,2161,50
2161,51,130,2161,51
2162,51,130,2162,51
2162,52,130,2162,52
2163,52,130,2163,52
2163,53,130,2163,53
2164,53,130,2164,53
2165,53,130,2165,53
2166,53,130,2166,53
2167,53,130,2167,53
2168,53,130,2168,53
2169,53,130,2169,53
2170,53,130,2170,53
2171,53,130,2171,53
2172,53,130,2172,53
2173,53,130,2173,53
2174,53,130,2174,53
2175,53,130,2175,53
2176,53,130,2176,53
2177,53,130,2177,53
2178,53,130,2178,53
2179,53,130,2179,53
2180,53,130,2180,53
2181,53,130,2181,53
2182,53,130,2182,53
2183,53,130,2183,53
2184,53,130,2184,53
2185,53,130,2185,53
2186,53,130,2186,53
2187,53,130,2187,53
2188,53,130,2188,53
2189,53,130,2189,53
2190,53,130,2190,53
2190,53,131,2190,53
2191,53,131,2191,53
2192,53,131,2192,53
2193,53,131,2193,53
2194,53,131,2194,53
2195,53,131,2195,53
2196,53,131,2196,53
2197,53,131,2197,53
2198,53,131,2198,53
2199,53,131,2199,53
2200,53,131,2200,53
2201,53,131,2201,53
2202,53,131,2202,53
2203,53,131,2203,53
2204,53,131,2204,53
2205,53,131,2205,53
2206,53,131,2206,53
2207,53,131,2207,53
2208,53,131,2208,53
2209,53,131,2209,53
2210,53,131,2210,53
2211,53,131,2211,53
2212,53,131,2212,53
2213,53,131,2213,53
2214,53,131,2214,53
2215,53,131,2215,53
2216,53,131,2216,53
2217,53,131,2217,53
2218,53,131,2218,53
2219,53,131,2219,53
2220,53,131,2220,53
2221,53,131,2221,53
2222,53,131,2222,53
2223,53,131,2223,53
2224,53,131,2224,53
2225,53,131,2225,53
2226,53,131,2226,53
2227,53,131,2227,53
2228,53,131,2228,53
2229,53,131,2229,53
2230,53,131,2230,53
2231,53,131,2231,53
2232,53,131,2232,53
2233,53,131,2233,53
2234,53,131,2234,53
2235,53,131,2235,53
2236,53,131,2236,53
2237,53,131,2237,53
2238,53,131,2238,53
2239,53,131,2239,53
2240,53,131,2240,53
2241,53,131,2241,53
2242,53,131,2242,53
2243,53,131,2243,53
2244,53,131,2244,53
2245,53,131,2245,53
2246,53,131,2246,53
2246,54,131,2246,54
2247,54,131,2247,54
2247,55,131,2247,55
2248,55,131,2248,55
2248,55,132,2248,55
2249,55,132,2249,55
2250,55,132,2250,55
2251,55,132,2251,55
2251,55,133,2251,55
2252,55,133,2252,55
2253,55,133,2253,55
2254,55,133,2254,55
2255,55,133,2255,55
2256,55,133,2256,55
2257,55,133,2257,55
2258,55,133,2258,55
2259,55,133,2259,55
2260,55,133,2260,55
2261,55,133,2261,55
2262,55,133,2262,55
2263,55,133,2263,55
2264,55,133,2264,55
2265,55,133,2265,55
2266,55,133,2266,55
2267,55,133,2267,55
2268,55,133,2268,55
2269,55,133,2269,55
2270,55,133,2270,55
2271,55,133,2271,55
2272,55,133,2272,55
2273,55,133,2273,55
2274,55,133,2274,55
2275,55,133,2275,55
2276,55,133,2276,55
2277,55,133,2277,55
2278,55,133,2278,55
2279,55,133,2279,55
2280,55,133,2280,55
2281,55,133,2281,55
2282,55,133,2282,55
2283,55,133,2283,55
2284,55,133,2284,55
2285,55,133,2285,55
2286,55,133,2286,55
2287,55,133,2287,55
2288,55,133,2288,55
2289,55,133,2289,55
2290,55,133,2290,55
2291,55,133,2291,55
2292,55,133,2292,55
2293,55,133,2293,55
2294,55,133,2294,55
2295,55,133,2295,55
2296,55,133,2296,55
2297,55,133,2297,55
2298,55,133,2298,55
2299,55,133,2299,55
2300,55,133,2300,55
2301,55,133,2301,55
2302,55,133,2302,55
2303,55,133,2303,55
2304,55,133,2304,55
2305,55,133,2305,55
2306,55,133,2306,55
2307,55,133,2307,55
2308,55,133,2308,55
2309,55,133,2309,55
2310,55,133,2310,55
2311,55,133,2311,55
2312,55,133,2312,55
2313,55,133,2313,55
2314,55,133,2314,55
2315,55,133,2315,55
2316,55,133,2316,55
2317,55,133,2317,55
2318,55,133,2318,55
2319,55,133,2319,55
2320,55,133,2320,55
2320,55,134,2320,55
2321,55,134,2321,55
2322,55,134,2322,55
2323,55,134,2323,55
2324,55,134,2324,55
2325,55,134,2325,55
2326,55,134,2326,55
2327,55,134,2327,55
2328,55,134,2328,55
2329,55,134,2329,55
2330,55,134,2330,55
2331,55,134,2331,55
2332,55,134,2332,55
2333,55,134,2333,55
2334,55,134,2334,55
2335,55,134,2335,55
2336,55,134,2336,55
2337,55,134,2337,55
2338,55,134,2338,55
2339,55,134,2339,55
2340,55,134,2340,55
2341,55,134,2341,55
2342,55,134,2342,55
2343,55,134,2343,55
2344,55,134,2344,55
2345,55,134,2345,55
2346,55,134,2346,55
2347,55,134,2347,55
2348,55,134,2348,55
2349,55,134,2349,55
2350,55,134,2350,55
2351,55,134,2351,55
2352,55,134,2352,55
2353,55,134,2353,55
2354,55,134,2354,55
2355,55,134,2355,55
2355,56,134,2355,56
2356,56,134,2356,56
2356,57,134,2356,57
2357,57,134,2357,57
2357,58,134,2357,58
2358,58,134,2358,58
2358,59,134,2358,59
2359,59,134,2359,59
2359,59,135,2359,59
2360,59,135,2360,59
2361,59,135,2361,59
2362,59,135,2362,59
2363,59,135,2363,59
2364,59,135,2364,59
2364,59,136,2364,59
2365,59,136,2365,59
2366,59,136,2366,59
2367,59,136,2367,59
2368,59,136,2368,59
2369,59,136,2369,59
2370,59,136,2370,59
2371,59,136,2371,59
2372,59,136,2372,59
2373,59,136,2373,59
2374,59,136,2374,59
2375,59,136,2375,59
2376,59,136,2376,59
2376,59,137,2376,59
2377,59,137,2377,59
2378,59,137,2378,59
2378,59,138,2378,59
2379,59,138,2379,59
2380,59,138,2380,59
2381,59,138,2381,59
2382,59,138,2382,59
2383,59,138,2383,59
2384,59,138,2384,59
2385,59,138,2385,59
2386,59,138,2386,59
2387,59,138,2387,59
2388,59,138,2388,59
2389,59,138,2389,59
2390,59,138,2390,59
2391,59,138,2391,59
2392,59,138,2392,59
2393,59,138,2393,59
2394,59,138,2394,59
2395,59,138,2395,59
2396,59,138,2396,59
2397,59,138,2397,59
2398,59,138,2398,59
2399,59,138,2399,59
2400,59,138,2400,59
2401,59,138,2401,59
2402,59,138,2402,59
2403,59,138,2403,59
2404,59,138,2404,59
2405,59,138,2405,59
2406,59,138,2406,59
2407,59,138,2407,59
2408,59,138,2408,59
2409,59,138,2409,59
2410,59,138,2410,59
2411,59,138,2411,59
2412,59,138,2412,59
2413,59,138,2413,59
2414,59,138,2414,59
2415,59,138,2415,59
2416,59,138,2416,59
2417,59,138,2417,59
2418,59,138,2418,59
2419,59,138,2419,59
2420,59,138,2420,59
2421,59,138,2421,59
2422,59,138,2422,59
2423,59,138,2423,59
2424,59,138,2424,59
2425,59,138,2425,59
2426,59,138,2426,59
2427,59,138,2427,59
2428,59,138,2428,59
2429,59,138,2429,59
2430,59,138,2430,59
2431,59,138,2431,59
2432,59,138,2432,59
2433,59,138,2433,59
2433,59,139,2433,59
2433,60,139,2433,60
2434,60,139,2434,60
2435,60,139,2435,60
2436,60,139,2436,60
2437,60,139,2437,60
2437,60,140,2437,60
2438,60,140,2438,60
2439,60,140,2439,60
2440,60,140,2440,60
2440,60,141,2440,60
2441,60,141,2441,60
2441,61,141,2441,61
2442,61,141,2442,61
2443,61,141,2443,61
2444,61,141,2444,61
2445,61,141,2445,61
2446,61,141,2446,61
2447,61,141,2447,61
2448,61,141,2448,61
2449,61,141,2449,61
2450,61,141,2450,61
2451,61,141,2451,61
2451,61,142,2451,61
2452,61,142,2452,61
2453,61,142,2453,61
2454,61,142,2454,61
2455,61,142,2455,61
2456,61,142,2456,61
2457,61,142,2457,61
2458,61,142,2458,61
2459,61,142,2459,61
2460,61,142,2460,61
2461,61,142,2461,61
2462,61,142,2462,61
2463,61,142,2463,61
2464,61,142,2464,61
2465,61,142,2465,61
2466,61,142,2466,61
2467,61,142,2467,61
2468,61,142,2468,61
2469,61,142,2469,61
2470,61,142,2470,61
2471,61,142,2471,61
2472,61,142,2472,61
2473,61,142,2473,61
2474,61,142,2474,61
2475,61,142,2475,61
2476,61,142,2476,61
2477,61,142,2477,61
2478,61,142,2478,61
2479,61,142,2479,61
2480,61,142,2480,61
2481,61,142,2481,61
2482,61,142,2482,61
2483,61,142,2483,61
2484,61,142,2484,61
2485,61,142,2485,61
2486,61,142,2486,61
2487,61,142,2487,61
2488,61,142,2488,61
2489,61,142,2489,61
2490,61,142,2490,61
2491,61,142,2491,61
2492,61,142,2492,61
2493,61,142,2493,61
2494,61,142,2494,61
2495,61,142,2495,61
2496,61,142,2496,61
2497,61,142,2497,61
2498,61,142,2498,61
2499,61,142,2499,61
2500,61,142,2500,61
2501,61,142,2501,61
2502,61,142,2502,61
2503,61,142,2503,61
2504,61,142,2504,61
2505,61,142,2505,61
2506,61,142,2506,61
2507,61,142,2507,61
2508,61,142,2508,61
2509,61,142,2509,61
2510,61,142,2510,61
2511,61,142,2511,61
2512,61,142,2512,61
2513,61,142,2513,61
2514,61,142,2514,61
2515,61,142,2515,61
2516,61,142,2516,61
2517,61,142,2517,61
2518,61,142,2518,61
2519,61,142,2519,61
2520,61,142,2520,61
2521,61,142,2521,61
2521,61,143,2521,61
2522,61,143,2522,61
2522,61,144,2522,61
2523,61,144,2523,61
2523,61,145,2523,61
2524,61,145,2524,61
2525,61,145,2525,61
2526,61,145,2526,61
2526,61,146,2526,61
2527,61,146,2527,61
2528,61,146,2528,61
2529,61,146,2529,61
2530,61,146,2530,61
2531,61,146,2531,61
2532,61,146,2532,61
2532,61,147,2532,61
2533,61,147,2533,61
2534,61,147,2534,61
2535,61,147,2535,61
2536,61,147,2536,61
2537,61,147,2537,61
2538,61,147,2538,61
2539,61,147,2539,61
2540,61,147,2540,61
2541,61,147,2541,61
2542,61,147,2542,61
2543,61,147,2543,61
2544,61,147,2544,61
2545,61,147,2545,61
2546,61,147,2546,61
2547,61,147,2547,61
2548,61,147,2548,61
2549,61,147,2549,61
2550,61,147,2550,61
2551,61,147,2551,61
2552,61,147,2552,61
2553,61,147,2553,61
2554,61,147,2554,61
2555,61,147,2555,61
2556,61,147,2556,61
2557,61,147,2557,61
2558,61,147,2558,61
2559,61,147,2559,61
2560,61,147,2560,61
2561,61,147,2561,61
2562,61,147,2562,61
2563,61,147,2563,61
2564,61,147,2564,61
2565,61,147,2565,61
2566,61,147,2566,61
2567,61,147,2567,61
2568,61,147,2568,61
2569,61,147,2569,61
2570,61,147,2570,61
2571,61,147,2571,61
2572,61,147,2572,61
2573,61,147,2573,61
2574,61,147,2574,61
2575,61,147,2575,61
2576,61,147,2576,61
2577,61,147,2577,61
2578,61,147,2578,61
2579,61,147,2579,61
2580,61,147,2580,61
2581,61,147,2581,61
2582,61,147,2582,61
2583,61,147,2583,61
2584,61,147,2584,61
2585,61,147,2585,61
2586,61,147,2586,61
2587,61,147,2587,61
2588,61,147,2588,61
2589,61,147,2589,61
2590,61,147,2590,61
2591,61,147,2591,61
2591,61,148,2591,61
2592,61,148,2592,61
2592,61,149,2592,61
2593,61,149,2593,61
2594,61,149,2594,61
2595,61,149,2595,61
2596,61,149,2596,61
2597,61,149,2597,61
2598,61,149,2598,61
2599,61,149,2599,61
2600,61,149,2600,61
2601,61,149,2601,61
2602,61,149,2602,61
2603,61,149,2603,61
2604,61,149,2604,61
2605,61,149,2605,61
2606,61,149,2606,61
2607,61,149,2607,61
2607,61,150,2607,61
2608,61,150,2608,61
2609,61,150,2609,61
2610,61,150,2610,61
2611,61,150,2611,61
2612,61,150,2612,61
2613,61,150,2613,61
2614,61,150,2614,61
2615,61,150,2615,61
2616,61,150,2616,61
2617,61,150,2617,61
2618,61,150,2618,61
2619,61,150,2619,61
2620,61,150,2620,61
2621,61,150,2621,61
2622,61,150,2622,61
2623,61,150,2623,61
2624,61,150,2624,61
2625,61,150,2625,61
2626,61,150,2626,61
2627,61,150,2627,61
2628,61,150,2628,61
2629,61,150,2629,61
2630,61,150,2630,61
2631,61,150,2631,61
2632,61,150,2632,61
2633,61,150,2633,61
2634,61,150,2634,61
2635,61,150,2635,61
2636,61,150,2636,61
2637,61,150,2637,61
2638,61,150,2638,61
2639,61,150,2639,61
2640,61,150,2640,61
2641,61,150,2641,61
2642,61,150,2642,61
2643,61,150,2643,61
2644,61,150,2644,61
2645,61,150,2645,61
2646,61,150,2646,61
2647,61,150,2647,61
2648,61,150,2648,61
2649,61,150,2649,61
2650,61,150,2650,61
2651,61,150,2651,61
2652,61,150,2652,61
2653,61,150,2653,61
2654,61,150,2654,61
2655,61,150,2655,61
2656,61,150,2656,61
2657,61,150,2657,61
2658,61,150,2658,61
2659,61,150,2659,61
2660,61,150,2660,61
2661,61,150,2661,61
2662,61,150,2662,61
2663,61,150,2663,61
2664,61,150,2664,61
2665,61,150,2665,61
2666,61,150,2666,61
2666,61,151,2666,61
2667,61,151,2667,61
2668,61,151,2668,61
2669,61,151,2669,61
2670,61,151,2670,61
2671,61,151,2671,61
2672,61,151,2672,61
2673,61,151,2673,61
2673,61,152,2673,61
2674,61,152,2674,61
2675,61,152,2675,61
2676,61,152,2676,61
2677,61,152,2677,61
2678,61,152,2678,61
2679,61,152,2679,61
2680,61,152,2680,61
2681,61,152,2681,61
2682,61,152,2682,61
2683,61,152,2683,61
2684,61,152,2684,61
2685,61,152,2685,61
2686,61,152,2686,61
2687,61,152,2687,61
2688,61,152,2688,61
2689,61,152,2689,61
2690,61,152,2690,61
2691,61,152,2691,61
2692,61,152,2692,61
2693,61,152,2693,61
2694,61,152,2694,61
2695,61,152,2695,61
2696,61,152,2696,61
2697,61,152,2697,61
2698,61,152,2698,61
2699,61,152,2699,61
2700,61,152,2700,61
2701,61,152,2701,61
2702,61,152,2702,61
2703,61,152,2703,61
2704,61,152,2704,61
2705,61,152,2705,61
2706,61,152,2706,61
2707,61,152,2707,61
2708,61,152,2708,61
2709,61,152,2709,61
2710,61,152,2710,61
2711,61,152,2711,61
2712,61,152,2712,61
2713,61,152,2713,61
2714,61,152,2714,61
2715,61,152,2715,61
2716,61,152,2716,61
2717,61,152,2717,61
2718,61,152,2718,61
2719,61,152,2719,61
2720,61,152,2720,61
2721,61,152,2721,61
2722,61,152,2722,61
2723,61,152,2723,61
2724,61,152,2724,61
2725,61,152,2725,61
2726,61,152,2726,61
2727,61,152,2727,61
2728,61,152,2728,61
2729,61,152,2729,61
2730,61,152,2730,61
2731,61,152,2731,61
2732,61,152,2732,61
2733,61,152,2733,61
2734,61,152,2734,61
2735,61,152,2735,61
2736,61,152,2736,61
2737,61,152,2737,61
2738,61,152,2738,61
2739,61,152,2739,61
2740,61,152,2740,61
2741,61,152,2741,61
2742,61,152,2742,61
2743,61,152,2743,61
2743,61,153,2743,61
2743,62,153,2743,62
2744,62,153,2744,62
2745,62,153,2745,62
2746,62,153,2746,62
2747,62,153,2747,62
2748,62,153,2748,62
2749,62,153,2749,62
2750,62,153,2750,62
2751,62,153,2751,62
2752,62,153,2752,62
2753,62,153,2753,62
2754,62,153,2754,62
2755,62,153,2755,62
2756,62,153,2756,62
2757,62,153,2757,62
2758,62,153,2758,62
2759,62,153,2759,62
2760,62,153,2760,62
2761,62,153,2761,62
2762,62,153,2762,62
2763,62,153,2763,62
2764,62,153,2764,62
2764,62,154,2764,62
2765,62,154,2765,62
2766,62,154,2766,62
2767,62,154,2767,62
2768,62,154,2768,62
2768,62,155,2768,62
2769,62,155,2769,62
2770,62,155,2770,62
2771,62,155,2771,62
2772,62,155,2772,62
2773,62,155,2773,62
2774,62,155,2774,62
2775,62,155,2775,62
2776,62,155,2776,62
2777,62,155,2777,62
2778,62,155,2778,62
2778,62,156,2778,62
2779,62,156,2779,62
2780,62,156,2780,62
2780,62,157,2780,62
2781,62,157,2781,62
2782,62,157,2782,62
2783,62,157,2783,62
2784,62,157,2784,62
2785,62,157,2785,62
2786,62,157,2786,62
2787,62,157,2787,62
2788,62,157,2788,62
2789,62,157,2789,62
2790,62,157,2790,62
2791,62,157,2791,62
2792,62,157,2792,62
2793,62,157,2793,62
2794,62,157,2794,62
2795,62,157,2795,62
2796,62,157,2796,62
2797,62,157,2797,62
2798,62,157,2798,62
2799,62,157,2799,62
2800,62,157,2800,62
2801,62,157,2801,62
2802,62,157,2802,62
2803,62,157,2803,62
2804,62,157,2804,62
2805,62,157,2805,62
2806,62,157,2806,62
2807,62,157,2807,62
2808,62,157,2808,62
2809,62,157,2809,62
2810,62,157,2810,62
2811,62,157,2811,62
2812,62,157,2812,62
2813,62,157,2813,62
2814,62,157,2814,62
2815,62,157,2815,62
2816,62,157,2816,62
2817,62,157,2817,62
2818,62,157,2818,62
2819,62,157,2819,62
2820,62,157,2820,62
2821,62,157,2821,62
2822,62,157,2822,62
2823,62,157,2823,62
2824,62,157,2824,62
2825,62,157,2825,62
2826,62,157,2826,62
2827,62,157,2827,62
2828,62,157,2828,62
2829,62,157,2829,62
2830,62,157,2830,62
2831,62,157,2831,62
2832,62,157,2832,62
2833,62,157,2833,62
2834,62,157,2834,62
2835,62,157,2835,62
2836,62,157,2836,62
2837,62,157,2837,62
2838,62,157,2838,62
2839,62,157,2839,62
2840,62,157,2840,62
2841,62,157,2841,62
2842,62,157,2842,62
2843,62,157,2843,62
2844,62,157,2844,62
2845,62,157,2845,62
2846,62,157,2846,62
2847,62,157,2847,62
2848,62,157,2848,62
2849,62,157,2849,62
2850,62,157,2850,62
2851,62,157,2851,62
2852,62,157,2852,62
2853,62,157,2853,62
2854,62,157,2854,62
2855,62,157,2855,62
2856,62,157,2856,62
2857,62,157,2857,62
2858,62,157,2858,62
2859,62,157,2859,62
2859,62,158,2859,62
2860,62,158,2860,62
2861,62,158,2861,62
2862,62,158,2862,62
2863,62,158,2863,62
2864,62,158,2864,62
2865,62,158,2865,62
2866,62,158,2866,62
2867,62,158,2867,62
2868,62,158,2868,62
2869,62,158,2869,62
2870,62,158,2870,62
2871,62,158,2871,62
2872,62,158,2872,62
2873,62,158,2873,62
2874,62,158,2874,62
2875,62,158,2875,62
2876,62,158,2876,62
2877,62,158,2877,62
2878,62,158,2878,62
2879,62,158,2879,62
2880,62,158,2880,62
2881,62,158,2881,62
2882,62,158,2882,62
2883,62,158,2883,62
2884,62,158,2884,62
2885,62,158,2885,62
2886,62,158,2886,62
2887,62,158,2887,62
2888,62,158,2888,62
2889,62,158,2889,62
2890,62,158,2890,62
2891,62,158,2891,62
2892,62,158,2892,62
2893,62,158,2893,62
2894,62,158,2894,62
2895,62,158,2895,62
2896,62,158,2896,62
2897,62,158,2897,62
2898,62,158,2898,62
2899,62,158,2899,62
2900,62,158,2900,62
2901,62,158,2901,62
2902,62,158,2902,62
2903,62,158,2903,62
2904,62,158,2904,62
2905,62,158,2905,62
2906,62,158,2906,62
2907,62,158,2907,62
2908,62,158,2908,62
2909,62,158,2909,62
2910,62,158,2910,62
2911,62,158,2911,62
2912,62,158,2912,62
2913,62,158,2913,62
2914,62,158,2914,62
2915,62,158,2915,62
2916,62,158,2916,62
2917,62,158,2917,62
2918,62,158,2918,62
2919,62,158,2919,62
2919,63,158,2919,63
2920,63,158,2920,63
2920,63,159,2920,63
2921,63,159,2921,63
2922,63,159,2922,63
2923,63,159,2923,63
2924,63,159,2924,63
2925,63,159,2925,63
2926,63,159,2926,63
2927,63,159,2927,63
2928,63,159,2928,63
2929,63,159,2929,63
2930,63,159,2930,63
2931,63,159,2931,63
2932,63,159,2932,63
2933,63,159,2933,63
2934,63,159,2934,63
2935,63,159,2935,63
2936,63,159,2936,63
2937,63,159,2937,63
2938,63,159,2938,63
2939,63,159,2939,63
2940,63,159,2940,63
2941,63,159,2941,63
2942,63,159,2942,63
2943,63,159,2943,63
2944,63,159,2944,63
2945,63,159,2945,63
2946,63,159,2946,63
2947,63,159,2947,63
2948,63,159,2948,63
2949,63,159,2949,63
2950,63,159,2950,63
2951,63,159,2951,63
2952,63,159,2952,63
2953,63,159,2953,63
2954,63,159,2954,63
2955,63,159,2955,63
2956,63,159,2956,63
2957,63,159,2957,63
2958,63,159,2958,63
2959,63,159,2959,63
2960,63,159,2960,63
2961,63,159,2961,63
2962,63,159,2962,63
2963,63,159,2963,63
2964,63,159,2964,63
2965,63,159,2965,63
2965,63,160,2965,63
2966,63,160,2966,63
2967,63,160,2967,63
2968,63,160,2968,63
2969,63,160,2969,63
2970,63,160,2970,63
2971,63,160,2971,63
2972,63,160,2972,63
2973,63,160,2973,63
2974,63,160,2974,63
2975,63,160,2975,63
2976,63,160,2976,63
2977,63,160,2977,63
2978,63,160,2978,63
2979,63,160,2979,63
2980,63,160,2980,63
2981,63,160,2981,63
2982,63,160,2982,63
2983,63,160,2983,63
2984,63,160,2984,63
2985,63,160,2985,63
2986,63,160,2986,63
2987,63,160,2987,63
2988,63,160,2988,63
2989,63,160,2989,63
2990,63,160,2990,63
2991,63,160,2991,63
2992,63,160,2992,63
2993,63,160,2993,63
2994,63,160,2994,63
2995,63,160,2995,63
2996,63,160,2996,63
2997,63,160,2997,63
2998,63,160,2998,63
2999,63,160,2999,63
3000,63,160,3000,63
3001,63,160,3001,63
3002,63,160,3002,63
3003,63,160,3003,63
3004,63,160,3004,63
3005,63,160,3005,63
3006,63,160,3006,63
3007,63,160,3007,63
3008,63,160,3008,63
3009,63,160,3009,63
3010,63,160,3010,63
3011,63,160,3011,63
3012,63,160,3012,63
3013,63,160,3013,63
3014,63,160,3014,63
3015,63,160,3015,63
3016,63,160,3016,63
3017,63,160,3017,63
3018,63,160,3018,63
3019,63,160,3019,63
3020,63,160,3020,63
3021,63,160,3021,63
3022,63,160,3022,63
3023,63,160,3023,63
3024,63,160,3024,63
3025,63,160,3025,63
3026,63,160,3026,63
3027,63,160,3027,63
3028,63,160,3028,63
3029,63,160,3029,63
3030,63,160,3030,63
3031,63,160,3031,63
3032,63,160,3032,63
3033,63,160,3033,63
3033,63,161,3033,63
3034,63,161,3034,63
3035,63,161,3035,63
3036,63,161,3036,63
3037,63,161,3037,63
3038,63,161,3038,63
3039,63,161,3039,63
3040,63,161,3040,63
3041,63,161,3041,63
3042,63,161,3042,63
3043,63,161,3043,63
3044,63,161,3044,63
3044,63,162,3044,63
3045,63,162,3045,63
3046,63,162,3046,63
3047,63,162,3047,63
3048,63,162,3048,63
3049,63,162,3049,63
3050,63,162,3050,63
3051,63,162,3051,63
3052,63,162,3052,63
3053,63,162,3053,63
3054,63,162,3054,63
3055,63,162,3055,63
3056,63,162,3056,63
3057,63,162,3057,63
3058,63,162,3058,63
3059,63,162,3059,63
3060,63,162,3060,63
3061,63,162,3061,63
3062,63,162,3062,63
3063,63,162,3063,63
3064,63,162,3064,63
3065,63,162,3065,63
3066,63,162,3066,63
3066,64,162,3066,64
3067,64,162,3067,64
3068,64,162,3068,64
3069,64,162,3069,64
3070,64,162,3070,64
3070,64,163,3070,64
3071,64,163,3071,64
3072,64,163,3072,64
3073,64,163,3073,64
3074,64,163,3074,64
3075,64,163,3075,64
3076,64,163,3076,64
3077,64,163,3077,64
3078,64,163,3078,64
3079,64,163,3079,64
3080,64,163,3080,64
3081,64,163,3081,64
3082,64,163,3082,64
3083,64,163,3083,64
3084,64,163,3084,64
3085,64,163,3085,64
3086,64,163,3086,64
3087,64,163,3087,64
3088,64,163,3088,64
3089,64,163,3089,64
3090,64,163,3090,64
3091,64,163,3091,64
3092,64,163,3092,64
3093,64,163,3093,64
3094,64,163,3094,64
3095,64,163,3095,64
3096,64,163,3096,64
3097,64,163,3097,64
3098,64,163,3098,64
3099,64,163,3099,64
3100,64,163,3100,64
3101,64,163,3101,64
3102,64,163,3102,64
3103,64,163,3103,64
3104,64,163,3104,64
3105,64,163,3105,64
3106,64,163,3106,64
3107,64,163,3107,64
3108,64,163,3108,64
3109,64,163,3109,64
3110,64,163,3110,64
3111,64,163,3111,64
3112,64,163,3112,64
3113,64,163,3113,64
3114,64,163,3114,64
3115,64,163,3115,64
3116,64,163,3116,64
3117,64,163,3117,64
3118,64,163,3118,64
3119,64,163,3119,64
3120,64,163,3120,64
3121,64,163,3121,64
3122,64,163,3122,64
3123,64,163,3123,64
3124,64,163,3124,64
3125,64,163,3125,64
3126,64,163,3126,64
3127,64,163,3127,64
3128,64,163,3128,64
3129,64,163,3129,64
3130,64,163,3130,64
3131,64,163,3131,64
3132,64,163,3132,64
3132,64,164,3132,64
3133,64,164,3133,64
3134,64,164,3134,64
3135,64,164,3135,64
3136,64,164,3136,64
3137,64,164,3137,64
3138,64,164,3138,64
3139,64,164,3139,64
3140,64,164,3140,64
3141,64,164,3141,64
3142,64,164,3142,64
3143,64,164,3143,64
3144,64,164,3144,64
3145,64,164,3145,64
3146,64,164,3146,64
3146,64,165,3146,64
3147,64,165,3147,64
3148,64,165,3148,64
3149,64,165,3149,64
3150,64,165,3150,64
3151,64,165,3151,64
3152,64,165,3152,64
3153,64,165,3153,64
3154,64,165,3154,64
3155,64,165,3155,64
3156,64,165,3156,64
3157,64,165,3157,64
3158,64,165,3158,64
3159,64,165,3159,64
3160,64,165,3160,64
3161,64,165,3161,64
3162,64,165,3162,64
3163,64,165,3163,64
3163,64,166,3163,64
3164,64,166,3164,64
3164,64,167,3164,64
3165,64,167,3165,64
3166,64,167,3166,64
3167,64,167,3167,64
3168,64,167,3168,64
3169,64,167,3169,64
3170,64,167,3170,64
3171,64,167,3171,64
3172,64,167,3172,64
3173,64,167,3173,64
3174,64,167,3174,64
3175,64,167,3175,64
3176,64,167,3176,64
3177,64,167,3177,64
3178,64,167,3178,64
3179,64,167,3179,64
3180,64,167,3180,64
3181,64,167,3181,64
3182,64,167,3182,64
3183,64,167,3183,64
3184,64,167,3184,64
3185,64,167,3185,64
3186,64,167,3186,64
3187,64,167,3187,64
3188,64,167,3188,64
3189,64,167,3189,64
3190,64,167,3190,64
3191,64,167,3191,64
3192,64,167,3192,64
3193,64,167,3193,64
3194,64,167,3194,64
3195,64,167,3195,64
3196,64,167,3196,64
3197,64,167,3197,64
3198,64,167,3198,64
3199,64,167,3199,64
3200,64,167,3200,64
3201,64,167,3201,64
3202,64,167,3202,64
3203,64,167,3203,64
3204,64,167,3204,64
3205,64,167,3205,64
3205,64,168,3205,64
3206,64,168,3206,64
3207,64,168,3207,64
3208,64,168,3208,64
3209,64,168,3209,64
3210,64,168,3210,64
3211,64,168,3211,64
3212,64,168,3212,64
3213,64,168,3213,64
3214,64,168,3214,64
3215,64,168,3215,64
3216,64,168,3216,64
3217,64,168,3217,64
3218,64,168,3218,64
3219,64,168,3219,64
3220,64,168,3220,64
3221,64,168,3221,64
3222,64,168,3222,64
3223,64,168,3223,64
3224,64,168,3224,64
3225,64,168,3225,64
3226,64,168,3226,64
3227,64,168,3227,64
3228,64,168,3228,64
3229,64,168,3229,64
3230,64,168,3230,64
3231,64,168,3231,64
3232,64,168,3232,64
3233,64,168,3233,64
3234,64,168,3234,64
3235,64,168,3235,64
3236,64,168,3236,64
3237,64,168,3237,64
3238,64,168,3238,64
3239,64,168,3239,64
3240,64,168,3240,64
3241,64,168,3241,64
3242,64,168,3242,64
3243,64,168,3243,64
3244,64,168,3244,64
3245,64,168,3245,64
3246,64,168,3246,64
3247,64,168,3247,64
3248,64,168,3248,64
3249,64,168,3249,64
3250,64,168,3250,64
3251,64,168,3251,64
3252,64,168,3252,64
3253,64,168,3253,64
3254,64,168,3254,64
3255,64,168,3255,64
3256,64,168,3256,64
3257,64,168,3257,64
3258,64,168,3258,64
3259,64,168,3259,64
3260,64,168,3260,64
3261,64,168,3261,64
3262,64,168,3262,64
3262,64,169,3262,64
3263,64,169,3263,64
3264,64,169,3264,64
3265,64,169,3265,64
3266,64,169,3266,64
3267,64,169,3267,64
3268,64,169,3268,64
3269,64,169,3269,64
3270,64,169,3270,64
3271,64,169,3271,64
3272,64,169,3272,64
3273,64,169,3273,64
3274,64,169,3274,64
3275,64,169,3275,64
3276,64,169,3276,64
3277,64,169,3277,64
3278,64,169,3278,64
3279,64,169,3279,64
3280,64,169,3280,64
3281,64,169,3281,64
3282,64,169,3282,64
3283,64,169,3283,64
3284,64,169,3284,64
3285,64,169,3285,64
3286,64,169,3286,64
3287,64,169,3287,64
3288,64,169,3288,64
3289,64,169,3289,64
3290,64,169,3290,64
3291,64,169,3291,64
3292,64,169,3292,64
3293,64,169,3293,64
3294,64,169,3294,64
3295,64,169,3295,64
3296,64,169,3296,64
3297,64,169,3297,64
3298,64,169,3298,64
3299,64,169,3299,64
3300,64,169,3300,64
3301,64,169,3301,64
3302,64,169,3302,64
3303,64,169,3303,64
3304,64,169,3304,64
3305,64,169,3305,64
3306,64,169,3306,64
3307,64,169,3307,64
3308,64,169,3308,64
3309,64,169,3309,64
3310,64,169,3310,64
3311,64,169,3311,64
3312,64,169,3312,64
3313,64,169,3313,64
3313,64,170,3313,64
3314,64,170,3314,64
3315,64,170,3315,64
3316,64,170,3316,64
3317,64,170,3317,64
3318,64,170,3318,64
3319,64,170,3319,64
3320,64,170,3320,64
3321,64,170,3321,64
3322,64,170,3322,64
3323,64,170,3323,64
3324,64,170,3324,64
3325,64,170,3325,64
3326,64,170,3326,64
3327,64,170,3327,64
3328,64,170,3328,64
3329,64,170,3329,64
3330,64,170,3330,64
3331,64,170,3331,64
3332,64,170,3332,64
3333,64,170,3333,64
3334,64,170,3334,64
3335,64,170,3335,64
3336,64,170,3336,64
3337,64,170,3337,64
3338,64,170,3338,64
3339,64,170,3339,64
3340,64,170,3340,64
3341,64,170,3341,64
3342,64,170,3342,64
3343,64,170,3343,64
3344,64,170,3344,64
3345,64,170,3345,64
3346,64,170,3346,64
3347,64,170,3347,64
3348,64,170,3348,64
3349,64,170,3349,64
3350,64,170,3350,64
3351,64,170,3351,64
3352,64,170,3352,64
3353,64,170,3353,64
3354,64,170,3354,64
3355,64,170,3355,64
3356,64,170,3356,64
3357,64,170,3357,64
3358,64,170,3358,64
3359,64,170,3359,64
3360,64,170,3360,64
3361,64,170,3361,64
3362,64,170,3362,64
3363,64,170,3363,64
3364,64,170,3364,64
3365,64,170,3365,64
3366,64,170,3366,64
3367,64,170,3367,64
3368,64,170,3368,64
3369,64,170,3369,64
3370,64,170,3370,64
3371,64,170,3371,64
3372,64,170,3372,64
3373,64,170,3373,64
3374,64,170,3374,64
3375,64,170,3375,64
3376,64,170,3376,64
3377,64,170,3377,64
3378,64,170,3378,64
3379,64,170,3379,64
3380,64,170,3380,64
3381,64,170,3381,64
3382,64,170,3382,64
3383,64,170,3383,64
3384,64,170,3384,64
3385,64,170,3385,64
3386,64,170,3386,64
3387,64,170,3387,64
3388,64,170,3388,64
3389,64,170,3389,64
3390,64,170,3390,64
3391,64,170,3391,64
3392,64,170,3392,64
3393,64,170,3393,64
3394,64,170,3394,64
3395,64,170,3395,64
3396,64,170,3396,64
3397,64,170,3397,64
3398,64,170,3398,64
3399,64,170,3399,64
3400,64,170,3400,64
3401,64,170,3401,64
3402,64,170,3402,64
3403,64,170,3403,64
3404,64,170,3404,64
3405,64,170,3405,64
3406,64,170,3406,64
3407,64,170,3407,64
3408,64,170,3408,64
3409,64,170,3409,64
3410,64,170,3410,64
3411,64,170,3411,64
3412,64,170,3412,64
3413,64,170,3413,64
3414,64,170,3414,64
3415,64,170,3415,64
3416,64,170,3416,64
3416,65,170,3416,65
3417,65,170,3417,65
3418,65,170,3418,65
3419,65,170,3419,65
3420,65,170,3420,65
3421,65,170,3421,65
3422,65,170,3422,65
3423,65,170,3423,65
3424,65,170,3424,65
3425,65,170,3425,65
3426,65,170,3426,65
3427,65,170,3427,65
3428,65,170,3428,65
3429,65,170,3429,65
3430,65,170,3430,65
3431,65,170,3431,65
3432,65,170,3432,65
3433,65,170,3433,65
3434,65,170,3434,65
3435,65,170,3435,65
3436,65,170,3436,65
3437,65,170,3437,65
3438,65,170,3438,65
3439,65,170,3439,65
3440,65,170,3440,65
3441,65,170,3441,65
3442,65,170,3442,65
3443,65,170,3443,65
3443,66,170,3443,66
3444,66,170,3444,66
3445,66,170,3445,66
3446,66,170,3446,66
3447,66,170,3447,66
3447,66,171,3447,66
3448,66,171,3448,66
3449,66,171,3449,66
3450,66,171,3450,66
3451,66,171,3451,66
3452,66,171,3452,66
3453,66,171,3453,66
3454,66,171,3454,66
3455,66,171,3455,66
3456,66,171,3456,66
3457,66,171,3457,66
3458,66,171,3458,66
3459,66,171,3459,66
3460,66,171,3460,66
3461,66,171,3461,66
3462,66,171,3462,66
3463,66,171,3463,66
3464,66,171,3464,66
3465,66,171,3465,66
3466,66,171,3466,66
3467,66,171,3467,66
3468,66,171,3468,66
3469,66,171,3469,66
3470,66,171,3470,66
3471,66,171,3471,66
3472,66,171,3472,66
3473,66,171,3473,66
3474,66,171,3474,66
3475,66,171,3475,66
3476,66,171,3476,66
3477,66,171,3477,66
3478,66,171,3478,66
3479,66,171,3479,66
3480,66,171,3480,66
3481,66,171,3481,66
3482,66,171,3482,66
3483,66,171,3483,66
3484,66,171,3484,66
3485,66,171,3485,66
3486,66,171,3486,66
3487,66,171,3487,66
3488,66,171,3488,66
3489,66,171,3489,66
3490,66,171,3490,66
3491,66,171,3491,66
3492,66,171,3492,66
3493,66,171,3493,66
3494,66,171,3494,66
3495,66,171,3495,66
3496,66,171,3496,66
3497,66,171,3497,66
3498,66,171,3498,66
3499,66,171,3499,66
3500,66,171,3500,66
3501,66,171,3501,66
3502,66,171,3502,66
3503,66,171,3503,66
3504,66,171,3504,66
3505,66,171,3505,66
3506,66,171,3506,66
3507,66,171,3507,66
3508,66,171,3508,66
3509,66,171,3509,66
3510,66,171,3510,66
3510,67,171,3510,67
3511,67,171,3511,67
3511,68,171,3511,68
3512,68,171,3512,68
3512,69,171,3512,69
3513,69,171,3513,69
3513,70,171,3513,70
3514,70,171,3514,70
3514,71,171,3514,71
3515,71,171,3515,71
3515,72,171,3515,72
3516,72,171,3516,72
3517,72,171,3517,72
3518,72,171,3518,72
3519,72,171,3519,72
3520,72,171,3520,72
3520,73,171,3520,73
3521,73,171,3521,73
3522,73,171,3522,73
3523,73,171,3523,73
3524,73,171,3524,73
3525,73,171,3525,73
3526,73,171,3526,73
3526,74,171,3526,74
3527,74,171,3527,74
3527,75,171,3527,75
3528,75,171,3528,75
3528,76,171,3528,76
3529,76,171,3529,76
3529,77,171,3529,77
3530,77,171,3530,77
3530,78,171,3530,78
3531,78,171,3531,78
3531,79,171,3531,79
3532,79,171,3532,79
3532,80,171,3532,80
3533,80,171,3533,80
3534,80,171,3534,80
3535,80,171,3535,80
3536,80,171,3536,80
3537,80,171,3537,80
3538,80,171,3538,80
3539,80,171,3539,80
3540,80,171,3540,80
3541,80,171,3541,80
3542,80,171,3542,80
3543,80,171,3543,80
3544,80,171,3544,80
3545,80,171,3545,80
3546,80,171,3546,80
3547,80,171,3547,80
3548,80,171,3548,80
3549,80,171,3549,80
3550,80,171,3550,80
3551,80,171,3551,80
3552,80,171,3552,80
3553,80,171,3553,80
3554,80,171,3554,80
3555,80,171,3555,80
3556,80,171,3556,80
3557,80,171,3557,80
3558,80,171,3558,80
3559,80,171,3559,80
3560,80,171,3560,80
3561,80,171,3561,80
3562,80,171,3562,80
3563,80,171,3563,80
3563,80,172,3563,80
3564,80,172,3564,80
3565,80,172,3565,80
3566,80,172,3566,80
3567,80,172,3567,80
3568,80,172,3568,80
3569,80,172,3569,80
3570,80,172,3570,80
3571,80,172,3571,80
3572,80,172,3572,80
3573,80,172,3573,80
3574,80,172,3574,80
3575,80,172,3575,80
3576,80,172,3576,80
3577,80,172,3577,80
3578,80,172,3578,80
3579,80,172,3579,80
3580,80,172,3580,80
3581,80,172,3581,80
3582,80,172,3582,80
3583,80,172,3583,80
3584,80,172,3584,80
3585,80,172,3585,80
3586,80,172,3586,80
3587,80,172,3587,80
3588,80,172,3588,80
3589,80,172,3589,80
3590,80,172,3590,80
3591,80,172,3591,80
3592,80,172,3592,80
3592,80,173,3592,80
3593,80,173,3593,80
3594,80,173,3594,80
3594,80,174,3594,80
3595,80,174,3595,80
3596,80,174,3596,80
3597,80,174,3597,80
3598,80,174,3598,80
3598,80,175,3598,80
3599,80,175,3599,80
3599,80,176,3599,80
3600,80,176,3600,80
3601,80,176,3601,80
3601,81,176,3601,81
3602,81,176,3602,81
3603,81,176,3603,81
3604,81,176,3604,81
3605,81,176,3605,81
3606,81,176,3606,81
3607,81,176,3607,81
3608,81,176,3608,81
3609,81,176,3609,81
3610,81,176,3610,81
3611,81,176,3611,81
3612,81,176,3612,81
3613,81,176,3613,81
3614,81,176,3614,81
3615,81,176,3615,81
3616,81,176,3616,81
3617,81,176,3617,81
3618,81,176,3618,81
3619,81,176,3619,81
3620,81,176,3620,81
3621,81,176,3621,81
3622,81,176,3622,81
3623,81,176,3623,81
3624,81,176,3624,81
3625,81,176,3625,81
3626,81,176,3626,81
3627,81,176,3627,81
3628,81,176,3628,81
3628,81,177,3628,81
3629,81,177,3629,81
3630,81,177,3630,81
3631,81,177,3631,81
3632,81,177,3632,81
3633,81,177,3633,81
3634,81,177,3634,81
3635,81,177,3635,81
3636,81,177,3636,81
3637,81,177,3637,81
3638,81,177,3638,81
3639,81,177,3639,81
3640,81,177,3640,81
3641,81,177,3641,81
3642,81,177,3642,81
3643,81,177,3643,81
3644,81,177,3644,81
3645,81,177,3645,81
3646,81,177,3646,81
3647,81,177,3647,81
3648,81,177,3648,81
3649,81,177,3649,81
3650,81,177,3650,81
3651,81,177,3651,81
3652,81,177,3652,81
3653,81,177,3653,81
3654,81,177,3654,81
3655,81,177,3655,81
3656,81,177,3656,81
3657,81,177,3657,81
3658,81,177,3658,81
3659,81,177,3659,81
3660,81,177,3660,81
3661,81,177,3661,81
3662,81,177,3662,81
3663,81,177,3663,81
3664,81,177,3664,81
3665,81,177,3665,81
3666,81,177,3666,81
3667,81,177,3667,81
3668,81,177,3668,81
3669,81,177,3669,81
3670,81,177,3670,81
3671,81,177,3671,81
3672,81,177,3672,81
3673,81,177,3673,81
3674,81,177,3674,81
3675,81,177,3675,81
3676,81,177,3676,81
3677,81,177,3677,81
3678,81,177,3678,81
3679,81,177,3679,81
3680,81,177,3680,81
3681,81,177,3681,81
3682,81,177,3682,81
3683,81,177,3683,81
3684,81,177,3684,81
3685,81,177,3685,81
3686,81,177,3686,81
3687,81,177,3687,81
3688,81,177,3688,81
3689,81,177,3689,81
3690,81,177,3690,81
3691,81,177,3691,81
3692,81,177,3692,81
3693,81,177,3693,81
3694,81,177,3694,81
3695,81,177,3695,81
3696,81,177,3696,81
3697,81,177,3697,81
3698,81,177,3698,81
3699,81,177,3699,81
3700,81,177,3700,81
3701,81,177,3701,81
3702,81,177,3702,81
3703,81,177,3703,81
3704,81,177,3704,81
3705,81,177,3705,81
3706,81,177,3706,81
3707,81,177,3707,81
3708,81,177,3708,81
3709,81,177,3709,81
3710,81,177,3710,81
3711,81,177,3711,81
3712,81,177,3712,81
3713,81,177,3713,81
3714,81,177,3714,81
3715,81,177,3715,81
3716,81,177,3716,81
3717,81,177,3717,81
3718,81,177,3718,81
3719,81,177,3719,81
3720,81,177,3720,81
3721,81,177,3721,81
3722,81,177,3722,81
3723,81,177,3723,81
3724,81,177,3724,81
3725,81,177,3725,81
3726,81,177,3726,81
3727,81,177,3727,81
3728,81,177,3728,81
3729,81,177,3729,81
3730,81,177,3730,81
3731,81,177,3731,81
3732,81,177,3732,81
3733,81,177,3733,81
3733,81,178,3733,81
3734,81,178,3734,81
3735,81,178,3735,81
3736,81,178,3736,81
3737,81,178,3737,81
3738,81,178,3738,81
3739,81,178,3739,81
3740,81,178,3740,81
3741,81,178,3741,81
3742,81,178,3742,81
3743,81,178,3743,81
3743,81,179,3743,81
3744,81,179,3744,81
3744,81,180,3744,81
3745,81,180,3745,81
3746,81,180,3746,81
3747,81,180,3747,81
3748,81,180,3748,81
3749,81,180,3749,81
3750,81,180,3750,81
3751,81,180,3751,81
3752,81,180,3752,81
3753,81,180,3753,81
3754,81,180,3754,81
3755,81,180,3755,81
3756,81,180,3756,81
3757,81,180,3757,81
3758,81,180,3758,81
3759,81,180,3759,81
3760,81,180,3760,81
3761,81,180,3761,81
3762,81,180,3762,81
3763,81,180,3763,81
3764,81,180,3764,81
3765,81,180,3765,81
3766,81,180,3766,81
3767,81,180,3767,81
3768,81,180,3768,81
3769,81,180,3769,81
3770,81,180,3770,81
3771,81,180,3771,81
3772,81,180,3772,81
3773,81,180,3773,81
3774,81,180,3774,81
3775,81,180,3775,81
3776,81,180,3776,81
3777,81,180,3777,81
3778,81,180,3778,81
3779,81,180,3779,81
3780,81,180,3780,81
3781,81,180,3781,81
3782,81,180,3782,81
3783,81,180,3783,81
3784,81,180,3784,81
3785,81,180,3785,81
3785,81,181,3785,81
3786,81,181,3786,81
3787,81,181,3787,81
3788,81,181,3788,81
3789,81,181,3789,81
3790,81,181,3790,81
3791,81,181,3791,81
3792,81,181,3792,81
3793,81,181,3793,81
3794,81,181,3794,81
3794,81,182,3794,81
3795,81,182,3795,81
3796,81,182,3796,81
3797,81,182,3797,81
3797,81,183,3797,81
3798,81,183,3798,81
3799,81,183,3799,81
3799,81,184,3799,81
3800,81,184,3800,81
3801,81,184,3801,81
3802,81,184,3802,81
3803,81,184,3803,81
3804,81,184,3804,81
3805,81,184,3805,81
3806,81,184,3806,81
3807,81,184,3807,81
3808,81,184,3808,81
3809,81,184,3809,81
3810,81,184,3810,81
3811,81,184,3811,81
3812,81,184,3812,81
3813,81,184,3813,81
3814,81,184,3814,81
3815,81,184,3815,81
3816,81,184,3816,81
3817,81,184,3817,81
3818,81,184,3818,81
3819,81,184,3819,81
3820,81,184,3820,81
3821,81,184,3821,81
3822,81,184,3822,81
3823,81,184,3823,81
3824,81,184,3824,81
3825,81,184,3825,81
3826,81,184,3826,81
3827,81,184,3827,81
3828,81,184,3828,81
3829,81,184,3829,81
3830,81,184,3830,81
3831,81,184,3831,81
3832,81,184,3832,81
3833,81,184,3833,81
3834,81,184,3834,81
3835,81,184,3835,81
3836,81,184,3836,81
3837,81,184,3837,81
3838,81,184,3838,81
3839,81,184,3839,81
3840,81,184,3840,81
3841,81,184,3841,81
3842,81,184,3842,81
3843,81,184,3843,81
3844,81,184,3844,81
3845,81,184,3845,81
3846,81,184,3846,81
3847,81,184,3847,81
3848,81,184,3848,81
3849,81,184,3849,81
3850,81,184,3850,81
3851,81,184,3851,81
3852,81,184,3852,81
3853,81,184,3853,81
3854,81,184,3854,81
3855,81,184,3855,81
3856,81,184,3856,81
3857,81,184,3857,81
3858,81,184,3858,81
3859,81,184,3859,81
3860,81,184,3860,81
3861,81,184,3861,81
3862,81,184,3862,81
3863,81,184,3863,81
3864,81,184,3864,81
3865,81,184,3865,81
3866,81,184,3866,81
3867,81,184,3867,81
3868,81,184,3868,81
3869,81,184,3869,81
3870,81,184,3870,81
3871,81,184,3871,81
3872,81,184,3872,81
3873,81,184,3873,81
3874,81,184,3874,81
3875,81,184,3875,81
3876,81,184,3876,81
3877,81,184,3877,81
3877,81,185,3877,81
3878,81,185,3878,81
3879,81,185,3879,81
3880,81,185,3880,81
3881,81,185,3881,81
3882,81,185,3882,81
3883,81,185,3883,81
3883,81,186,3883,81
3884,81,186,3884,81
3885,81,186,3885,81
3886,81,186,3886,81
3887,81,186,3887,81
3888,81,186,3888,81
3889,81,186,3889,81
3890,81,186,3890,81
3891,81,186,3891,81
3892,81,186,3892,81
3893,81,186,3893,81
3894,81,186,3894,81
3895,81,186,3895,81
3896,81,186,3896,81
3897,81,186,3897,81
3898,81,186,3898,81
3899,81,186,3899,81
3900,81,186,3900,81
3901,81,186,3901,81
3902,81,186,3902,81
3903,81,186,3903,81
3904,81,186,3904,81
3905,81,186,3905,81
3906,81,186,3906,81
3907,81,186,3907,81
3908,81,186,3908,81
3909,81,186,3909,81
3910,81,186,3910,81
3911,81,186,3911,81
3912,81,186,3912,81
3913,81,186,3913,81
3913,81,187,3913,81
3914,81,187,3914,81
3915,81,187,3915,81
3916,81,187,3916,81
3917,81,187,3917,81
3918,81,187,3918,81
3919,81,187,3919,81
3920,81,187,3920,81
3921,81,187,3921,81
3922,81,187,3922,81
3923,81,187,3923,81
3924,81,187,3924,81
3925,81,187,3925,81
3926,81,187,3926,81
3927,81,187,3927,81
3928,81,187,3928,81
3929,81,187,3929,81
3930,81,187,3930,81
3931,81,187,3931,81
3932,81,187,3932,81
3933,81,187,3933,81
3934,81,187,3934,81
3935,81,187,3935,81
3936,81,187,3936,81
3937,81,187,3937,81
3938,81,187,3938,81
3939,81,187,3939,81
3940,81,187,3940,81
3941,81,187,3941,81
3942,81,187,3942,81
3943,81,187,3943,81
3944,81,187,3944,81
3945,81,187,3945,81
3946,81,187,3946,81
3947,81,187,3947,81
3948,81,187,3948,81
3949,81,187,3949,81
3950,81,187,3950,81
3951,81,187,3951,81
3952,81,187,3952,81
3953,81,187,3953,81
3954,81,187,3954,81
3955,81,187,3955,81
3956,81,187,3956,81
3957,81,187,3957,81
3958,81,187,3958,81
3959,81,187,3959,81
3960,81,187,3960,81
3961,81,187,3961,81
3962,81,187,3962,81
3963,81,187,3963,81
3964,81,187,3964,81
3965,81,187,3965,81
3966,81,187,3966,81
3967,81,187,3967,81
3968,81,187,3968,81
3969,81,187,3969,81
3970,81,187,3970,81
3971,81,187,3971,81
3972,81,187,3972,81
3973,81,187,3973,81
3973,81,188,3973,81
3974,81,188,3974,81
3975,81,188,3975,81
3976,81,188,3976,81
3977,81,188,3977,81
3978,81,188,3978,81
3979,81,188,3979,81
3980,81,188,3980,81
3981,81,188,3981,81
3982,81,188,3982,81
3983,81,188,3983,81
3984,81,188,3984,81
3985,81,188,3985,81
3986,81,188,3986,81
3987,81,188,3987,81
3988,81,188,3988,81
3989,81,188,3989,81
3989,81,189,3989,81
3990,81,189,3990,81
3991,81,189,3991,81
3992,81,189,3992,81
3993,81,189,3993,81
3994,81,189,3994,81
3995,81,189,3995,81
3996,81,189,3996,81
3997,81,189,3997,81
3998,81,189,3998,81
3999,81,189,3999,81
4000,81,189,4000,81
4001,81,189,4001,81
4002,81,189,4002,81
4003,81,189,4003,81
4004,81,189,4004,81
4005,81,189,4005,81
4006,81,189,4006,81
4007,81,189,4007,81
4008,81,189,4008,81
4009,81,189,4009,81
4009,81,190,4009,81
4010,81,190,4010,81
4011,81,190,4011,81
4012,81,190,4012,81
4013,81,190,4013,81
4014,81,190,4014,81
4015,81,190,4015,81
4016,81,190,4016,81
4017,81,190,4017,81
4018,81,190,4018,81
4019,81,190,4019,81
4020,81,190,4020,81
4021,81,190,4021,81
4022,81,190,4022,81
4023,81,190,4023,81
4024,81,190,4024,81
4025,81,190,4025,81
4026,81,190,4026,81
4027,81,190,4027,81
4028,81,190,4028,81
4028,82,190,4028,82
4029,82,190,4029,82
4030,82,190,4030,82
4030,82,191,4030,82
4031,82,191,4031,82
4032,82,191,4032,82
4033,82,191,4033,82
4034,82,191,4034,82
4035,82,191,4035,82
4036,82,191,4036,82
4037,82,191,4037,82
4038,82,191,4038,82
4039,82,191,4039,82
4040,82,191,4040,82
4041,82,191,4041,82
4042,82,191,4042,82
4043,82,191,4043,82
4044,82,191,4044,82
4045,82,191,4045,82
4046,82,191,4046,82
4047,82,191,4047,82
4048,82,191,4048,82
4049,82,191,4049,82
4050,82,191,4050,82
4051,82,191,4051,82
4052,82,191,4052,82
4053,82,191,4053,82
4054,82,191,4054,82
4055,82,191,4055,82
4056,82,191,4056,82
4057,82,191,4057,82
4058,82,191,4058,82
4059,82,191,4059,82
4060,82,191,4060,82
4061,82,191,4061,82
4062,82,191,4062,82
4063,82,191,4063,82
4064,82,191,4064,82
4065,82,191,4065,82
4066,82,191,4066,82
4067,82,191,4067,82
4068,82,191,4068,82
