timestamp,comment-id,voter-id,vote
1463374190866,0,0,1
1463379543577,0,1,1
1463382275030,0,2,1
1463412878946,0,3,1
1463448681991,0,4,1
1463568556451,0,9,1
1464055381755,0,10,1
1464279973436,0,11,1
1464710176567,0,12,0
1464832539292,0,13,1
1465012890499,0,14,1
1465002450565,0,15,0
1465266201096,0,16,0
1465266917328,0,20,1
1465268078823,0,23,1
1465275064626,0,24,1
1465272314537,0,25,1
1465268814644,0,26,1
1465269507277,0,28,0
1465270572793,0,32,1
1465271382873,0,33,1
1465273982000,0,34,1
1465274551890,0,36,1
1465275164610,0,38,1
1465275207836,0,41,1
1465280759171,0,48,1
1465281474849,0,49,1
1465281886586,0,50,1
1465284331330,0,51,1
1465284331984,0,51,1
1465283471527,0,52,1
1465286076945,0,56,1
1465287141092,0,58,1
1465287304057,0,59,1
1465287697104,0,61,1
1465287892117,0,62,1
1465287976579,0,63,1
1465294220309,0,64,1
1465301981002,0,67,1
1465302882190,0,68,1
1465303822542,0,69,1
1465305381019,0,72,1
1465306283712,0,74,1
1465306190670,0,75,1
1465308012331,0,79,1
1465308574967,0,80,1
1465314595452,0,85,1
1465320403571,0,86,1
1465320675702,0,87,1
1465330359593,0,88,1
1465344454147,0,91,1
1465351529755,0,93,1
1465354052033,0,94,1
1465356664071,0,96,1
1465374884914,0,103,1
1465393686748,0,108,1
1465395013687,0,109,0
1465430482690,0,115,1
1465439438037,0,116,1
1465447473358,0,117,1
1465485552783,0,121,1
1465506139755,0,122,1
1465562440250,0,123,1
1465567542576,0,124,1
1465573896892,0,125,1
1465574512580,0,126,1
1465574718239,0,127,0
1466049772684,0,135,1
1466063419203,0,146,1
1466083815935,0,149,1
1466104903811,0,151,1
1466266684539,0,156,1
1466269834198,0,157,1
1466572010348,0,159,1
1466956104065,0,161,1
1467004292284,0,162,0
1467006614399,0,164,1
1467007279181,0,165,0
1467006762056,0,167,1
1467007331249,0,169,1
1467011059115,0,170,1
1467029432264,0,175,1
1467030917368,0,176,0
1467041011175,0,178,1
1467084590147,0,183,1
1463376833169,1,0,1
1463379538909,1,1,1
1463382460238,1,2,0
1463412912177,1,3,-1
1463448617172,1,4,1
1463568546740,1,9,1
1463879769909,1,10,0
1464279981790,1,11,1
1465460507005,1,12,0
1465012748011,1,14,1
1465002597689,1,15,0
1465266628533,1,19,0
1465266795292,1,20,1
1465267933377,1,23,1
1465275090491,1,24,1
1465271341767,1,25,1
1465268776113,1,26,0
1465269364541,1,28,1
1465270576011,1,32,1
1465272002621,1,33,1
1467008024266,1,34,1
1465274584842,1,36,1
1465274564343,1,37,1
1465275336681,1,38,1
1465275300132,1,41,1
1465275430535,1,42,1
1465280772595,1,48,1
1465281596696,1,49,0
1465281624674,1,50,1
1465284276743,1,51,1
1465283440890,1,52,1
1465351520275,1,59,1
1465287646894,1,61,1
1465287863526,1,63,1
1465294288114,1,64,1
1465301935996,1,67,1
1465302799066,1,68,0
1465303724268,1,69,1
1465305174400,1,71,1
1465305390683,1,72,1
1465306089172,1,74,1
1465306163103,1,75,1
1465306496047,1,77,0
1465308035147,1,79,1
1465308507737,1,80,0
1465314464173,1,85,1
1465320381523,1,86,1
1465320719367,1,87,0
1465330700503,1,88,0
1465351619595,1,93,1
1465373177053,1,102,1
1465375224547,1,103,0
1465383867207,1,104,0
1465390216112,1,107,1
1465393719222,1,108,0
1465395155153,1,109,1
1465404200020,1,111,1
1465407789233,1,113,1
1465439339456,1,116,1
1465481252700,1,119,1
1465485457527,1,121,1
1465562521441,1,123,0
1465567537102,1,124,1
1465573005545,1,125,1
1465574417449,1,126,1
1465574963725,1,127,0
1465994276512,1,133,0
1466049725959,1,135,1
1466053413681,1,141,1
1466063268143,1,146,1
1466078809338,1,148,1
1466083731595,1,149,0
1466104954247,1,151,0
1466266779457,1,156,1
1466269632487,1,157,1
1466572132618,1,159,1
1467003545642,1,162,1
1467006628614,1,164,1
1467007405840,1,165,1
1467006939569,1,167,1
1467007804266,1,169,1
1467010908128,1,170,1
1467029489256,1,175,1
1467030761652,1,176,1
1467084101244,1,183,1
1463377217166,2,0,1
1463379460295,2,1,1
1463382472141,2,2,1
1463412889788,2,3,1
1463448629844,2,4,1
1463568509710,2,9,1
1463879806604,2,10,1
1464279718231,2,11,1
1464710234436,2,12,0
1464832535335,2,13,1
1465012799781,2,14,1
1465002647423,2,15,1
1465266828207,2,20,1
1465267753734,2,22,0
1465267805654,2,23,1
1465275150071,2,24,1
1465271236643,2,25,1
1465268910597,2,26,0
1465269251758,2,28,1
1465269619946,2,29,1
1465269920667,2,31,0
1465270562416,2,32,0
1465271334433,2,33,1
1467007793888,2,34,0
1465274539047,2,36,1
1465274663299,2,38,1
1465274811098,2,39,0
1465275413924,2,41,1
1465275377562,2,42,-1
1465275792582,2,43,1
1465277460737,2,45,1
1465278912381,2,47,1
1465280139004,2,48,1
1465281369792,2,49,1
1465281907796,2,50,1
1465284309243,2,51,0
1465351431412,2,59,1
1465287659437,2,61,1
1465289479381,2,62,1
1465287971384,2,63,1
1465294266625,2,64,0
1465302091831,2,67,0
1465302944886,2,68,1
1465303779149,2,69,0
1465305184054,2,72,1
1465306337033,2,74,1
1465306286010,2,75,1
1465308222690,2,79,1
1465308495352,2,80,0
1465314423474,2,85,1
1465320312514,2,86,1
1465330725782,2,88,0
1465342143860,2,90,1
1465351872595,2,93,1
1465356606322,2,96,1
1465375049080,2,103,1
1465383849678,2,104,1
1465390034094,2,107,1
1465393661963,2,108,1
1465394809392,2,109,1
1465439350917,2,116,1
1465562493610,2,123,1
1465567687208,2,124,1
1465573684615,2,125,1
1465574972529,2,127,0
1465998173219,2,133,1
1466049147707,2,135,1
1466053842542,2,141,1
1466062625984,2,146,1
1466083980651,2,149,1
1466104144729,2,150,1
1466104613615,2,151,1
1466266745481,2,156,1
1466269812708,2,157,1
1466572277140,2,159,1
1466956130066,2,161,1
1467003537120,2,162,1
1467006333198,2,164,1
1467007202194,2,165,1
1467007053056,2,167,1
1467007347711,2,169,1
1467011325221,2,170,1
1467031118166,2,176,0
1467040875839,2,178,1
1467084040771,2,183,1
1467094830207,2,185,1
1467094830446,2,185,1
1463377554992,3,0,1
1463379524443,3,1,1
1463379525122,3,1,1
1463382350859,3,2,1
1463412906438,3,3,1
1463448714786,3,4,1
1463568476759,3,9,0
1463879764419,3,10,0
1464279950967,3,11,1
1464710191570,3,12,0
1465012910585,3,14,1
1465002676679,3,15,1
1465266971972,3,20,1
1465268005400,3,23,0
1465275079119,3,24,1
1465268643288,3,25,1
1465268827268,3,26,0
1465269267553,3,28,1
1465270523867,3,32,1
1465271884559,3,33,1
1465273975377,3,34,1
1465274499054,3,36,1
1465274802264,3,39,0
1465275398114,3,41,1
1465296571691,3,46,1
1465280722656,3,48,1
1465281258699,3,49,0
1465281961115,3,50,1
1465282972267,3,51,1
1465283475635,3,52,1
1465286081698,3,56,0
1465286961775,3,58,1
1465351464459,3,59,1
1465287295324,3,60,0
1465287447046,3,61,1
1465287845191,3,63,1
1465294151667,3,64,1
1465301974752,3,67,1
1465302694757,3,68,1
1465303744257,3,69,1
1465305265506,3,72,1
1465306051161,3,74,1
1465306267012,3,75,0
1465308249986,3,79,1
1465308517088,3,80,1
1465311492740,3,83,1
1465313829493,3,84,1
1465314518482,3,85,-1
1465320324291,3,87,1
1465330646165,3,88,-1
1465351904529,3,93,1
1465354058799,3,94,1
1465356535840,3,96,1
1465362068446,3,97,0
1465372038221,3,101,1
1465373001931,3,102,1
1465374766769,3,103,1
1465385021901,3,106,0
1465390089510,3,107,1
1465393462030,3,108,1
1465395403203,3,109,0
1465404005294,3,111,1
1465407804542,3,113,0
1465431604226,3,115,0
1465439106474,3,116,1
1465485738594,3,121,1
1465562437105,3,123,1
1465567571573,3,124,1
1465573789640,3,125,1
1465574537180,3,127,0
1465995302920,3,133,0
1466049631406,3,135,1
1466053484194,3,141,1
1466056484474,3,142,1
1466063183847,3,146,1
1466078867589,3,148,1
1466083566471,3,149,1
1466104353143,3,151,0
1466266752922,3,156,1
1466270127093,3,157,0
1466572232141,3,159,1
1467003410704,3,162,1
1467006159280,3,163,1
1467006578509,3,164,1
1467007082160,3,165,1
1467006970836,3,167,1
1467008015462,3,169,1
1467011302331,3,170,1
1467030607529,3,176,1
1467084422908,3,183,1
1467094662977,3,185,1
1463377929428,4,0,1
1463379557159,4,1,1
1463382567445,4,2,1
1463412899852,4,3,1
1463448644732,4,4,1
1463568568540,4,9,1
1464226069240,4,10,1
1464279889750,4,11,0
1464710237258,4,12,0
1465012848405,4,14,1
1465002528642,4,15,1
1465267006186,4,20,1
1465267983890,4,23,0
1465275191583,4,24,1
1465271377232,4,25,1
1465268744044,4,26,1
1465269464095,4,28,1
1465270623289,4,32,0
1465271940504,4,33,1
1465273884772,4,34,0
1465274579366,4,36,1
1465275034424,4,38,0
1465278233866,4,40,1
1465275320048,4,41,1
1465275255562,4,42,0
1465280663824,4,48,1
1465281445673,4,49,0
1465281775054,4,50,0
1465284366422,4,51,-1
1465283463232,4,52,1
1465285971740,4,56,0
1465351339372,4,59,1
1465287547065,4,61,0
1465288007432,4,63,0
1465294124285,4,64,1
1465302048095,4,67,1
1465302755387,4,68,1
1465303466633,4,69,-1
1465305235758,4,72,0
1465306225241,4,74,0
1465306134767,4,75,1
1465306510172,4,77,0
1465308050101,4,79,1
1465308418772,4,80,-1
1465314396106,4,85,-1
1465330721648,4,88,0
1465351586366,4,93,0
1465356804881,4,96,0
1465371956620,4,101,1
1465374681762,4,103,1
1465383833609,4,104,1
1465390078465,4,107,0
1465393509302,4,108,0
1465395070795,4,109,0
1465407556281,4,113,-1
1465439331517,4,116,1
1465562365230,4,123,0
1465567525888,4,124,1
1465573758141,4,125,1
1465574680118,4,127,-1
1466049366885,4,135,1
1466053708531,4,141,1
1466058902462,4,145,0
1466062469156,4,146,1
1466083738221,4,149,0
1466104447797,4,151,0
1466223812247,4,154,-1
1466266706485,4,156,1
1466270310168,4,157,1
1466571440258,4,159,-1
1467003272943,4,162,1
1467006145255,4,163,1
1467006482650,4,164,-1
1467007068949,4,165,1
1467006743382,4,167,1
1467007255892,4,169,0
1467011365459,4,170,-1
1467030502458,4,176,0
1467040942205,4,179,1
1467057125974,4,180,1
1467083991082,4,183,1
1467098827648,4,186,0
1467209901425,4,189,1
1463446794389,5,0,1
1463501694763,5,2,1
1463413056623,5,3,1
1463448760211,5,4,1
1463568523720,5,9,1
1463879781859,5,10,1
1464279856048,5,11,0
1464710199503,5,12,1
1464832561185,5,13,1
1465012896605,5,14,1
1465002405651,5,15,1
1465266855578,5,20,-1
1465268030458,5,23,0
1465275084450,5,24,1
1465271334761,5,25,0
1465268870357,5,26,0
1465269424202,5,28,0
1465269841948,5,29,0
1465270541556,5,32,1
1465271959044,5,33,0
1465273854263,5,34,-1
1465274490833,5,36,1
1465274709876,5,38,1
1465278240310,5,40,1
1465275190291,5,41,1
1465296603671,5,46,1
1465278866858,5,47,-1
1465280613139,5,48,0
1465281349063,5,49,1
1465281949867,5,50,-1
1465284301000,5,51,-1
1465284301594,5,51,-1
1465283956540,5,53,-1
1465285587663,5,55,1
1465351219297,5,59,1
1465287313470,5,60,0
1465287591912,5,61,0
1465287922059,5,63,0
1465294158137,5,64,1
1465297357886,5,65,1
1465302036672,5,67,1
1465302888607,5,68,1
1465303711628,5,69,0
1465305153295,5,72,1
1465305429837,5,73,0
1465306060797,5,74,1
1465306273544,5,75,0
1465308080047,5,79,1
1465308381521,5,80,0
1465310232049,5,81,0
1465311431854,5,83,1
1465314413095,5,85,-1
1465320328655,5,86,0
1465320693987,5,87,-1
1465330661097,5,88,1
1465397136976,5,91,1
1465351451676,5,93,1
1465356627042,5,96,0
1465374747507,5,103,1
1465390054017,5,107,1
1465393622110,5,108,0
1465395170125,5,109,1
1465404102306,5,111,1
1465407770249,5,113,-1
1465431558631,5,115,0
1465439372064,5,116,1
1465480944897,5,118,1
1465482954752,5,120,0
1465485569091,5,121,-1
1465562394898,5,123,0
1465567611606,5,124,1
1465573665547,5,125,1
1465574303182,5,126,-1
1465574591537,5,127,0
1466049383185,5,135,1
1466053950908,5,141,1
1466058906040,5,145,0
1466062564685,5,146,1
1466078855258,5,148,0
1466083557821,5,149,1
1466104125538,5,150,1
1466105073021,5,151,0
1466266725146,5,156,1
1466269958296,5,157,1
1466571944062,5,159,1
1466956138194,5,161,1
1467004192256,5,162,-1
1467004192852,5,162,-1
1467006678631,5,164,1
1467007258912,5,165,1
1467007081992,5,167,1
1467007273268,5,169,1
1467011276273,5,170,-1
1467029493545,5,175,0
1467031001973,5,176,0
1467057204245,5,180,1
1467084255380,5,183,0
1467089902629,5,184,1
1467094879746,5,185,1
1463447074843,6,0,1
1463501598364,6,2,-1
1465296696516,6,3,1
1463448694175,6,4,0
1463568541441,6,9,0
1464055384966,6,10,1
1464279920149,6,11,0
1464710247319,6,12,-1
1464853367757,6,14,1
1465002721095,6,15,0
1465266922285,6,20,0
1465268044105,6,23,0
1465275129260,6,24,0
1465271226646,6,25,0
1465268971426,6,26,-1
1465269219496,6,28,0
1465270633365,6,32,0
1465271729073,6,33,1
1465273927490,6,34,0
1465274505033,6,36,1
1465275117175,6,38,0
1465275380972,6,41,1
1465275796598,6,43,1
1465277479858,6,45,0
1465296588995,6,46,1
1465278915456,6,47,1
1465280632179,6,48,0
1465281388062,6,49,0
1465281637339,6,50,1
1465284376691,6,51,0
1465283424251,6,52,-1
1465285592323,6,55,-1
1465286069055,6,56,0
1465351545335,6,59,0
1465287615645,6,61,0
1465288012893,6,63,0
1465294242643,6,64,0
1465302056447,6,67,-1
1465302861204,6,68,1
1465303393304,6,69,1
1465305273196,6,72,1
1465305459807,6,73,0
1465306312531,6,74,0
1465306166057,6,75,0
1465310679884,6,78,0
1465308292963,6,79,-1
1465308472760,6,80,0
1465314543957,6,85,0
1465320732247,6,87,0
1465330695417,6,88,0
1465351928322,6,93,0
1465356763992,6,96,0
1465376808481,6,102,1
1465374771304,6,103,0
1465383857271,6,104,0
1465390205812,6,107,0
1465393547684,6,108,-1
1465394932907,6,109,-1
1465403968161,6,111,-1
1465407513255,6,113,0
1465439173312,6,116,0
1465485523715,6,121,0
1465485523934,6,121,0
1465562464268,6,123,0
1465567530889,6,124,1
1465573745372,6,125,-1
1465575000184,6,127,0
1465995235206,6,133,-1
1466049477430,6,135,0
1466053566315,6,141,-1
1466062846738,6,146,0
1466078816993,6,148,1
1466083877406,6,149,-1
1466104418423,6,150,1
1466104979979,6,151,0
1466223888632,6,154,0
1466266710513,6,156,1
1466270034892,6,157,0
1466571790384,6,159,1
1466956118526,6,161,1
1467004360858,6,162,0
1467006765552,6,164,1
1467007330280,6,165,0
1467006905427,6,167,1
1467007986808,6,169,1
1467011108242,6,170,0
1467031006377,6,176,0
1467083816512,6,183,1
1467276036474,6,190,0
1463452344131,7,0,-1
1466399156213,7,1,1
1463501678157,7,2,1
1465296666313,7,3,1
1463449011993,7,4,1
1463568503237,7,9,1
1464449877993,7,10,1
1464279927034,7,11,1
1465460437419,7,12,1
1465012787969,7,14,1
1465002420047,7,15,1
1465267011510,7,20,1
1465267766374,7,23,1
1465275175110,7,24,1
1465268734400,7,25,1
1465268957355,7,26,1
1465269296979,7,28,1
1465270661026,7,32,1
1465271564388,7,33,1
1467007983942,7,34,0
1465274544645,7,36,1
1465278265329,7,40,1
1465275285972,7,41,1
1465277482793,7,45,1
1465296592753,7,46,1
1465280675685,7,48,1
1465281399244,7,49,1
1465282010010,7,50,1
1465282998665,7,51,1
1465285583277,7,55,1
1465286053633,7,56,1
1465286751403,7,57,1
1465351540256,7,59,1
1465287459934,7,61,1
1465287714210,7,62,1
1465287879443,7,63,1
1465294279189,7,64,0
1465302102753,7,67,1
1465302721232,7,68,1
1465303698771,7,69,-1
1465305200521,7,71,0
1465305516719,7,72,1
1465305435758,7,73,1
1465306295260,7,74,1
1465306091756,7,75,1
1465306806006,7,78,1
1465307978457,7,79,1
1465308373017,7,80,1
1465310735022,7,82,1
1467048332287,7,83,0
1465314527684,7,85,1
1465320347858,7,86,1
1465320524642,7,87,1
1465330735113,7,88,0
1465351629359,7,93,1
1465356736456,7,96,1
1465373039162,7,102,1
1465374690856,7,103,-1
1465390227870,7,107,1
1465393455517,7,108,1
1465394792670,7,109,-1
1465403950890,7,111,1
1465407812338,7,113,1
1465407812352,7,113,1
1465439260304,7,116,1
1465447543086,7,117,0
1465485561243,7,121,1
1465562413614,7,123,1
1465567691959,7,124,1
1465573719756,7,125,1
1465574891082,7,127,1
1465673870731,7,130,1
1465995256011,7,133,1
1466049495274,7,135,1
1466053923320,7,141,1
1466062575318,7,146,1
1466083962963,7,149,1
1466223909611,7,154,1
1466266699251,7,156,1
1466270245535,7,157,1
1466571895805,7,159,1
1467003567549,7,162,1
1467006674859,7,164,1
1467007480430,7,165,1
1467006479420,7,166,1
1467006705020,7,167,1
1467007926989,7,169,0
1467011358880,7,170,0
1467030970990,7,176,1
1467057184707,7,180,1
1467083772695,7,183,1
1467094835382,7,185,1
1463452362689,8,0,1
1463501674398,8,2,1
1465296649016,8,3,1
1463449167362,8,4,1
1463453158985,8,5,1
1463540396395,8,7,1
1463568452534,8,8,1
1463568549547,8,9,1
1463879774672,8,10,1
1464279964837,8,11,0
1465460460415,8,12,1
1464832557686,8,13,1
1465012754362,8,14,1
1465002576737,8,15,1
1465266211227,8,16,1
1465266811608,8,20,1
1465268092089,8,23,1
1465275094953,8,24,1
1465271344973,8,25,1
1465268679496,8,26,1
1465269274453,8,28,1
1465270644612,8,32,1
1465272008203,8,33,1
1467008108654,8,34,0
1465274622725,8,36,0
1465274667940,8,38,1
1465275341131,8,41,1
1465275222601,8,42,1
1465277432894,8,45,1
1465277499030,8,46,1
1465280161937,8,48,1
1465281515025,8,49,1
1465281867046,8,50,1
1465284207136,8,51,0
1465283454105,8,52,1
1465286045269,8,56,1
1465287094954,8,58,1
1465287294007,8,59,1
1465287677166,8,61,0
1465287860106,8,63,1
1465294296300,8,64,1
1465301824998,8,67,1
1465302827997,8,68,1
1465303807659,8,69,1
1465305171855,8,72,1
1465306268833,8,74,1
1465306145852,8,75,1
1465307990991,8,79,1
1465308583088,8,80,1
1465314550285,8,85,1
1465320436184,8,86,1
1465330685860,8,88,-1
1465351490737,8,93,1
1465356527316,8,96,1
1465376862940,8,102,1
1465374932071,8,103,1
1465393449594,8,108,1
1465395560326,8,109,0
1465407520965,8,113,1
1465439299645,8,116,1
1465485632552,8,121,1
1465562467726,8,123,0
1465567567775,8,124,1
1465573770726,8,125,1
1465574387340,8,126,1
1465574635448,8,127,1
1465673836745,8,130,1
1466049449981,8,135,1
1466053692975,8,141,1
1466063409860,8,146,1
1466083663610,8,149,1
1466104967096,8,151,0
1466266808114,8,156,1
1466269945894,8,157,1
1466571799108,8,159,1
1466956106278,8,161,1
1467004041214,8,162,1
1467006721929,8,164,1
1467007304144,8,165,1
1467006931936,8,167,1
1467006938123,8,168,1
1467007672604,8,169,1
1467011023091,8,170,1
1467026404141,8,171,1
1467029407693,8,175,1
1467030599697,8,176,1
1467084189554,8,183,1
1467094778325,8,185,1
1463452191486,9,0,-1
1463501668695,9,2,0
1465296699850,9,3,1
1463449299293,9,4,1
1463568493830,9,9,1
1463879795989,9,10,1
1464279760737,9,11,1
1465012812807,9,14,1
1465002389702,9,15,1
1465266957311,9,20,0
1465267147067,9,21,1
1465267742532,9,22,0
1465267992482,9,23,1
1465275068627,9,24,1
1465268724535,9,25,1
1465268661494,9,26,1
1465269356465,9,28,1
1465270736523,9,32,1
1465271642520,9,33,1
1467008058943,9,34,0
1465274613317,9,36,1
1465274639345,9,38,1
1465274777728,9,39,0
1465278252971,9,40,1
1465275432804,9,41,1
1465275346887,9,42,1
1465275780288,9,43,1
1465276498389,9,44,1
1465280752752,9,48,1
1465281452125,9,49,1
1465281898279,9,50,1
1465284387303,9,51,0
1465284006919,9,52,1
1465286002834,9,56,1
1465287122008,9,58,1
1465287297785,9,59,1
1465287916503,9,63,0
1465294104640,9,64,1
1465302031689,9,67,1
1465302738309,9,68,1
1465303732917,9,69,1
1465305482392,9,72,1
1465305487163,9,73,1
1465306171340,9,74,1
1465306213872,9,75,1
1465306500462,9,77,0
1465308197113,9,79,1
1465308563463,9,80,0
1465314534256,9,85,1
1465320742237,9,87,1
1465330734568,9,88,0
1465397116623,9,91,1
1465351484836,9,93,1
1465354183949,9,94,1
1465372030608,9,101,1
1465373083488,9,102,1
1465375216139,9,103,1
1465390219110,9,107,1
1465393714369,9,108,1
1465394819919,9,109,1
1465431584274,9,115,1
1465439414909,9,116,1
1465447517652,9,117,1
1465485706829,9,121,1
1465562373291,9,123,1
1465567467574,9,124,1
1465573778292,9,125,1
1465574451937,9,127,1
1466049400194,9,135,1
1466053474011,9,141,1
1466062829105,9,146,1
1466083581027,9,149,1
1466104556637,9,151,0
1466223922040,9,154,0
1466266702204,9,156,1
1466269920732,9,157,1
1466571926943,9,159,1
1466956132442,9,161,1
1467003638417,9,162,1
1467006695655,9,164,1
1467007323779,9,165,0
1467007038677,9,167,1
1467007660795,9,169,1
1467011309325,9,170,1
1467031074274,9,176,1
1467084313598,9,183,1
1463452329672,10,0,1
1463501685208,10,2,0
1465296673973,10,3,1
1463449340854,10,4,1
1463568537391,10,9,1
1463879802397,10,10,1
1464279906300,10,11,1
1464710226224,10,12,1
1465012817809,10,14,1
1465002381934,10,15,1
1465266117412,10,16,1
1465266959824,10,20,1
1465267956990,10,23,1
1465275049356,10,24,1
1465268611831,10,25,1
1465268890346,10,26,-1
1465269537219,10,28,1
1465270567385,10,32,1
1465271735675,10,33,1
1465273913359,10,34,1
1465274566576,10,36,1
1465274541238,10,37,1
1465274813523,10,39,0
1465275234156,10,41,1
1465275757442,10,43,1
1465280678643,10,48,1
1465281416833,10,49,1
1465281632226,10,50,1
1465284123115,10,51,1
1465284123756,10,51,1
1465283433676,10,52,1
1465287090936,10,58,0
1465351254199,10,59,1
1465287735601,10,61,1
1465287830911,10,63,1
1465294271509,10,64,1
1465301986046,10,67,1
1465302824766,10,68,1
1465303516051,10,69,1
1465305500568,10,72,1
1465306069181,10,74,1
1465306119069,10,75,1
1465308017044,10,79,1
1465308468543,10,80,1
1465314456938,10,85,1
1465320337651,10,86,1
1465330678997,10,88,-1
1465397065094,10,91,1
1465351520241,10,93,1
1465356614208,10,96,1
1465375193258,10,103,1
1465390156469,10,107,1
1465393627694,10,108,0
1465395392830,10,109,1
1465404086182,10,111,1
1465407730475,10,113,1
1465439252357,10,116,1
1465447510247,10,117,1
1465485741632,10,121,1
1465562481140,10,123,1
1465567528715,10,124,1
1465573693491,10,125,1
1465574611608,10,127,1
1467224246039,10,128,1
1466049296943,10,135,1
1466049316107,10,136,1
1466053954692,10,141,1
1466063528290,10,146,1
1466083757419,10,149,1
1466105069282,10,151,0
1466266629669,10,156,1
1466270048167,10,157,1
1466571690102,10,159,1
1466956113552,10,161,1
1467003370934,10,162,1
1467006633252,10,164,1
1467007299277,10,165,1
1467007875822,10,169,1
1467011102593,10,170,1
1467029425693,10,175,1
1467030904744,10,176,1
1467084002290,10,183,1
1463452298530,11,0,-1
1463501713107,11,2,1
1465296633236,11,3,1
1463449722084,11,4,1
1463568534229,11,9,1
1463879785261,11,10,1
1464279739152,11,11,-1
1465012808239,11,14,1
1465002355236,11,15,1
1465266435974,11,18,1
1465266951388,11,20,1
1465267863791,11,23,1
1465275039630,11,24,1
1465268745490,11,25,1
1465268705735,11,26,0
1465269471651,11,28,1
1465270658136,11,32,1
1465271709652,11,33,1
1467008139401,11,34,0
1465274639585,11,36,1
1465275187651,11,41,1
1465275303743,11,42,0
1465280736785,11,48,1
1465281447407,11,49,0
1465281672094,11,50,1
1465284180523,11,51,1
1465283437422,11,52,1
1465351192221,11,59,1
1465287830575,11,62,1
1465287902188,11,63,0
1465294065337,11,64,1
1465302109314,11,67,1
1465302717124,11,68,1
1465303415740,11,69,-1
1465305428265,11,72,0
1465306237060,11,74,0
1465306247896,11,75,1
1465308095706,11,79,1
1465308446329,11,80,-1
1465310193915,11,81,0
1465314572072,11,85,1
1465320588724,11,86,1
1465320620088,11,87,1
1465330732429,11,88,0
1465342131720,11,90,1
1465351776247,11,93,0
1465373022600,11,102,1
1465375174778,11,103,1
1465393520965,11,108,0
1465394982186,11,109,1
1465403964462,11,111,1
1465407714617,11,113,0
1465439245783,11,116,1
1465447467851,11,117,1
1465485669627,11,121,1
1465485670232,11,121,1
1465562334275,11,123,0
1465567680601,11,124,1
1465573324155,11,125,1
1465574882183,11,127,1
1465673829741,11,130,1
1466049745825,11,135,1
1466053641792,11,141,1
1466063123672,11,146,0
1466083935133,11,149,1
1466104197394,11,151,1
1466266739500,11,156,1
1466270348724,11,157,0
1466571774831,11,159,0
1466956127501,11,161,1
1467004394009,11,162,1
1467006435377,11,164,1
1467007050748,11,165,1
1467006797575,11,167,1
1467011002680,11,170,0
1467031141505,11,176,0
1467083944733,11,183,1
1467089922072,11,184,1
1467133612638,11,188,1
1467210014376,11,189,1
1463538041423,12,0,1
1466399248480,12,1,1
1463906041418,12,2,1
1465296637881,12,3,1
1463571590198,12,4,1
1463540397438,12,7,1
1463568497200,12,9,1
1465258048492,12,10,1
1464279819096,12,11,1
1465460477960,12,12,1
1465012781860,12,14,1
1465002611621,12,15,1
1465266215956,12,17,1
1465266965437,12,20,1
1465267928421,12,23,1
1465275058723,12,24,1
1465268521223,12,25,1
1465269011853,12,26,1
1465269391789,12,28,1
1465270716891,12,32,1
1465271899041,12,33,1
1465273829435,12,34,1
1465274464563,12,36,1
1465274553759,12,37,1
1465275331261,12,41,1
1465275232540,12,42,1
1465275233116,12,42,1
1465275775046,12,43,1
1465277467909,12,45,1
1465278904417,12,47,1
1465280142875,12,48,1
1465281307461,12,49,1
1465281647330,12,50,1
1465284370955,12,51,1
1465284012738,12,52,1
1465285558354,12,55,1
1465351438156,12,59,1
1465287669001,12,61,1
1465287853150,12,63,1
1465294173658,12,64,1
1465302117229,12,67,1
1465302830578,12,68,1
1465303522413,12,69,1
1465305345051,12,72,1
1465306116989,12,74,1
1465306222225,12,75,0
1465307996581,12,79,1
1465308532635,12,80,1
1467048314126,12,83,1
1465314581955,12,85,1
1465320366779,12,86,1
1465320630232,12,87,1
1465330737159,12,88,0
1465335728044,12,89,1
1465351891228,12,93,1
1465354082831,12,94,1
1465356487048,12,96,1
1465365954202,12,98,1
1465376827045,12,102,1
1465374948530,12,103,1
1465390119867,12,107,1
1465393607982,12,108,1
1465395045053,12,109,0
1465407538290,12,113,1
1465439314428,12,116,1
1465485428714,12,121,1
1465562525187,12,123,1
1465567439708,12,124,1
1465573939118,12,125,1
1465574505581,12,126,1
1465574995284,12,127,1
1466049733076,12,135,1
1466062555705,12,146,1
1466083767898,12,149,1
1466104939443,12,151,1
1466266782742,12,156,1
1466269952920,12,157,1
1466572124128,12,159,1
1467003461816,12,162,1
1467006655591,12,164,1
1467006911049,12,165,1
1467006928278,12,167,1
1467007148720,12,168,1
1467007707648,12,169,1
1467011281790,12,170,1
1467029459148,12,175,1
1467031026159,12,176,1
1467057156834,12,180,1
1467084120335,12,183,1
1467094756909,12,185,1
1463644541185,13,0,0
1463906045000,13,2,0
1463571596538,13,4,0
1463540388585,13,6,1
1463568514033,13,9,1
1463879777824,13,10,0
1464279930865,13,11,0
1464710203100,13,12,0
1465012841479,13,14,0
1465002534280,13,15,1
1465266803217,13,20,0
1465267814240,13,23,0
1465275098763,13,24,0
1465271429592,13,25,0
1465268831921,13,26,0
1465269254101,13,28,0
1465269434345,13,29,1
1465270722645,13,32,0
1465271530775,13,33,0
1465273799251,13,34,0
1465274451317,13,36,0
1465274543307,13,37,0
1465275345631,13,38,0
1465275425892,13,41,0
1465280617785,13,48,0
1465281413609,13,49,0
1465281844723,13,50,0
1463960000547,14,0,1
1463907002292,14,2,1
1465296663741,14,3,1
1464000162314,14,4,1
1465299493107,14,9,1
1464226083376,14,10,1
1464279748610,14,11,1
1465012867436,14,14,1
1465002626120,14,15,1
1465266128609,14,16,1
1465266933634,14,20,1
1465268038012,14,23,1
1465275112721,14,24,1
1465268605895,14,25,1
1465268755644,14,26,1
1465269206623,14,28,1
1465269638231,14,29,1
1465270596209,14,32,1
1465271917557,14,33,1
1465273794440,14,34,0
1465274478871,14,36,1
1465275096518,14,38,1
1465275345948,14,41,1
1465275785782,14,43,1
1465277470060,14,45,1
1465296597188,14,46,1
1465280624892,14,48,1
1465281335528,14,49,0
1465281837213,14,50,1
1465284185983,14,51,1
1465284186631,14,51,1
1465283443966,14,52,1
1465286029118,14,56,1
1465351535972,14,59,1
1465287755555,14,61,0
1465289547919,14,62,0
1465287984016,14,63,0
1465294207426,14,64,0
1465300678757,14,66,1
1465301994788,14,67,1
1465302788741,14,68,1
1465303531066,14,69,1
1465305464741,14,72,1
1465306302924,14,74,1
1465306210047,14,75,0
1465308287266,14,79,1
1465308537920,14,80,1
1465314503401,14,85,1
1465320528175,14,86,0
1465320727533,14,87,0
1465330731090,14,88,0
1465342167736,14,90,1
1465397073549,14,91,1
1465351178139,14,92,1
1465351674135,14,93,0
1465356814699,14,96,0
1465373068173,14,102,1
1465374708889,14,103,-1
1465390115081,14,107,1
1465393542564,14,108,1
1465394777209,14,109,1
1465397299499,14,110,0
1465404193852,14,111,1
1465404521325,14,112,1
1465439527525,14,116,1
1465482967354,14,120,1
1465485439121,14,121,1
1465562486725,14,123,1
1465567461948,14,124,1
1465573038933,14,125,1
1465574499253,14,126,1
1465574941578,14,127,1
1467224179496,14,128,-1
1465636549029,14,129,1
1466036106373,14,134,1
1466049615965,14,135,1
1466062780159,14,146,1
1466083806999,14,149,1
1466104216792,14,150,0
1466104589499,14,151,0
1466266813358,14,156,1
1466270358068,14,157,1
1466571849059,14,159,1
1467003433492,14,162,1
1467006770229,14,164,1
1467007387264,14,165,-1
1467006871952,14,167,1
1467007376981,14,169,0
1467011290696,14,170,-1
1467030702536,14,176,0
1467040964816,14,179,0
1467084525848,14,183,1
1467276040566,14,190,0
1463960011272,15,0,1
1463907165339,15,2,1
1465296623322,15,3,1
1464000186904,15,4,1
1465299496897,15,9,1
1464226058027,15,10,1
1464279901649,15,11,1
1464710219869,15,12,0
1465012904919,15,14,1
1465002518053,15,15,1
1465266440338,15,18,1
1465267023208,15,20,1
1465268020722,15,23,1
1465275103402,15,24,1
1465268738960,15,25,1
1465268792792,15,26,0
1465269370262,15,28,1
1465270668965,15,32,0
1465271947377,15,33,1
1465273947818,15,34,0
1465274616733,15,36,1
1465274654823,15,38,1
1465275349465,15,41,1
1465280717166,15,48,1
1465281364783,15,49,0
1465281688213,15,50,1
1465284396812,15,51,0
1465284004962,15,52,1
1465285567067,15,55,1
1465285980918,15,56,1
1465287118957,15,58,1
1465351228411,15,59,1
1465287708147,15,61,1
1465287933627,15,63,1
1465294163479,15,64,1
1465301999536,15,67,1
1465302891975,15,68,1
1465303814535,15,69,1
1465305079042,15,71,1
1465305456913,15,72,1
1465306000636,15,74,1
1465306296796,15,75,1
1465308052885,15,79,1
1465308376728,15,80,1
1465310096498,15,81,1
1465314702721,15,85,1
1465320282866,15,86,1
1465320637890,15,87,1
1465330654297,15,88,1
1465351592625,15,93,1
1465354126735,15,94,1
1465356725772,15,96,0
1465361960477,15,97,1
1465372021950,15,101,1
1465374651430,15,103,0
1465384200791,15,105,1
1465390274299,15,107,1
1465393798314,15,108,1
1465394784887,15,109,1
1465407582876,15,113,1
1465439539729,15,116,0
1465447497795,15,117,-1
1465485347228,15,121,1
1465562406267,15,123,0
1465567596463,15,124,1
1465572984461,15,125,1
1465574264588,15,126,1
1465574514738,15,127,1
1466049519218,15,135,1
1466050159207,15,139,1
1466062870861,15,146,1
1466083779361,15,149,1
1466104330732,15,150,1
1466104502923,15,151,1
1466223832441,15,154,1
1466266777787,15,156,1
1466270368587,15,157,1
1466571747019,15,159,1
1466621900520,15,160,1
1467003909061,15,162,1
1467006172652,15,163,1
1467006699313,15,164,1
1467007363856,15,165,1
1467006911748,15,167,1
1467007208367,15,168,1
1467007264438,15,169,1
1467011196876,15,170,1
1467028982354,15,174,1
1467030884564,15,176,1
1467084060349,15,183,1
1463959993177,16,0,0
1463907307469,16,2,1
1465296628215,16,3,1
1464000175476,16,4,1
1465299461381,16,9,1
1464449891301,16,10,-1
1464279989590,16,11,0
1464710180350,16,12,0
1465012879455,16,14,0
1465002379303,16,15,1
1465266632926,16,19,0
1465266909575,16,20,1
1465267953487,16,23,0
1465275142419,16,24,1
1465271382448,16,25,1
1465268881453,16,26,1
1465269205362,16,27,0
1465269558510,16,28,1
1465270681151,16,32,0
1465271673576,16,33,0
1465273895433,16,34,1
1465274526081,16,36,0
1465274528248,16,37,0
1465275330187,16,38,0
1465274840924,16,39,0
1465275244975,16,41,1
1465277466087,16,45,1
1465280672531,16,48,1
1465281458621,16,49,0
1465281925168,16,50,1
1465284269121,16,51,1
1465283480826,16,52,1
1465287114832,16,58,0
1465351247773,16,59,1
1465287762812,16,62,1
1465287992858,16,63,0
1465294233323,16,64,0
1465301856783,16,67,0
1465302810090,16,68,0
1465303480407,16,69,1
1465305372830,16,72,1
1465305478965,16,73,1
1465306138961,16,74,0
1465306254667,16,75,0
1465306839201,16,78,0
1465308064802,16,79,1
1465308588606,16,80,0
1465314687005,16,85,1
1465320444723,16,87,1
1465330727943,16,88,0
1465342106939,16,90,1
1465351699810,16,93,-1
1465356714170,16,96,0
1465373136321,16,102,0
1465374870555,16,103,0
1465390169228,16,107,1
1465393400816,16,108,1
1465395535242,16,109,0
1465407600319,16,113,1
1465424875877,16,114,1
1465431613904,16,115,0
1465439464301,16,116,0
1465562416665,16,123,0
1465567381753,16,124,1
1465573737739,16,125,1
1465574425735,16,126,1
1465574828423,16,127,0
1465996500143,16,133,0
1466049716220,16,135,1
1466053733954,16,141,1
1466063298714,16,146,0
1466083913383,16,149,1
1466104106789,16,150,1
1466104581565,16,151,0
1466207707369,16,153,1
1466266722994,16,156,1
1466270029670,16,157,1
1466571588132,16,159,1
1466956136582,16,161,1
1467004058823,16,162,1
1467006624146,16,164,1
1467007376649,16,165,1
1467007047930,16,167,1
1467010893210,16,170,1
1467030866654,16,176,0
1467041037600,16,178,1
1467084306275,16,183,1
1467209986659,16,189,1
1464994621382,17,0,1
1464830091245,17,2,1
1465296645970,17,3,-1
1464950478033,17,4,0
1465299390777,17,9,-1
1465258039062,17,10,-1
1465460505995,17,12,0
1465012772543,17,14,0
1465002491220,17,15,0
1465266188327,17,16,0
1465266630066,17,19,0
1465266866637,17,20,-1
1465268051739,17,23,-1
1465275169823,17,24,-1
1465268619500,17,25,0
1465268840949,17,26,-1
1465269602801,17,28,-1
1465269643669,17,29,1
1465270478201,17,32,-1
1465271924743,17,33,0
1465273910386,17,34,-1
1465274532029,17,36,0
1465274538270,17,37,-1
1465275047999,17,38,-1
1465275228557,17,41,1
1465275386443,17,42,-1
1465278851428,17,47,-1
1465280155423,17,48,0
1465281221943,17,49,0
1465281696955,17,50,-1
1465284080043,17,51,-1
1465284080184,17,51,-1
1465285601650,17,55,-1
1465351557774,17,59,0
1465287494080,17,61,-1
1465289567321,17,62,0
1465288024051,17,63,0
1465294182130,17,64,1
1465301955119,17,67,0
1465302869925,17,68,-1
1465303356382,17,69,-1
1465305287135,17,72,-1
1465306289795,17,74,1
1465306228567,17,75,-1
1465308236085,17,79,-1
1465308452074,17,80,-1
1467048398818,17,83,-1
1465314451325,17,85,-1
1465320408443,17,87,-1
1465330697284,17,88,0
1465344483909,17,91,-1
1465351882862,17,93,-1
1465354118922,17,94,-1
1465373148605,17,102,-1
1465374735110,17,103,-1
1465393790633,17,108,-1
1465394734488,17,109,0
1465404176370,17,111,-1
1465439120436,17,116,-1
1465447522759,17,117,-1
1465485465672,17,121,-1
1465562476936,17,123,0
1465567674039,17,124,1
1465573013956,17,125,0
1465574572547,17,127,-1
1466049703663,17,135,-1
1466053861238,17,141,-1
1466062899227,17,146,0
1466083743459,17,149,0
1466104933105,17,151,-1
1466266667548,17,156,1
1466269725283,17,157,0
1466572111968,17,159,-1
1467003665177,17,162,-1
1467006421334,17,164,-1
1467007295968,17,165,-1
1467006956029,17,167,-1
1467007633584,17,169,-1
1467010949150,17,170,-1
1467030562968,17,176,-1
1467084411054,17,183,0
1464994646076,18,0,1
1464830206935,18,2,1
1465296636154,18,3,1
1464950526084,18,4,1
1465299425781,18,9,0
1465258019578,18,10,1
1465460510206,18,12,0
1464853488226,18,14,1
1465002664859,18,15,1
1465266143403,18,16,0
1465266894672,18,20,1
1465267923478,18,23,0
1465275030340,18,24,0
1465271258258,18,25,0
1465272309752,18,25,0
1465268986219,18,26,-1
1465269241929,18,28,1
1465269426034,18,29,1
1465270747129,18,32,1
1465271525828,18,33,0
1465273967877,18,34,1
1465274594365,18,36,0
1465275013936,18,38,0
1465275261302,18,41,1
1465275209899,18,42,1
1465296600528,18,46,1
1465280193878,18,48,1
1465281504978,18,49,0
1465281723054,18,50,1
1465284296217,18,51,1
1465284296296,18,51,1
1465283682918,18,52,1
1465286036734,18,56,0
1465287084504,18,58,0
1465351455170,18,59,1
1465287721531,18,61,0
1465287888331,18,63,0
1465294257849,18,64,0
1465302073819,18,67,0
1465302851215,18,68,1
1465303426056,18,69,1
1465305449309,18,72,1
1465305455778,18,73,0
1465306264722,18,74,1
1465306124097,18,75,0
1465308273120,18,79,-1
1465308528239,18,80,0
1465310272849,18,81,0
1465314477049,18,85,-1
1465320466799,18,86,0
1465330736207,18,88,0
1465397150566,18,91,1
1465351598073,18,93,1
1465354194562,18,94,1
1465356829429,18,96,0
1465373063741,18,102,1
1465374793782,18,103,-1
1465390271271,18,107,1
1465393668827,18,108,1
1465394877719,18,109,1
1465439458445,18,116,1
1465485538673,18,121,1
1465562361613,18,123,0
1465567551729,18,124,1
1465573654918,18,125,1
1465574625853,18,127,0
1466049195605,18,135,-1
1466049317722,18,137,1
1466053632883,18,141,1
1466058914459,18,145,0
1466063362678,18,146,1
1466067948572,18,147,1
1466078847515,18,148,1
1466083945248,18,149,1
1466104294641,18,150,1
1466105066341,18,151,1
1466207655768,18,153,1
1466266664961,18,156,1
1466269794290,18,157,1
1466571830663,18,159,1
1466956122403,18,161,1
1467003689386,18,162,0
1467006587087,18,164,1
1467006703888,18,165,0
1467006838224,18,167,1
1467007759966,18,169,0
1467011176223,18,170,1
1467029412776,18,175,1
1467030944886,18,176,0
1467040925268,18,179,0
1467083906925,18,183,1
1464994650462,19,0,1
1464830316395,19,2,1
1465296641730,19,3,1
1464950487240,19,4,1
1465299468527,19,9,1
1465258044287,19,10,1
1464832554814,19,13,1
1465012854547,19,14,1
1465002581065,19,15,1
1465266205815,19,16,1
1465266413405,19,18,1
1465266988914,19,20,1
1465267724491,19,22,1
1465268013567,19,23,1
1465275012418,19,24,1
1465268574714,19,25,1
1465269028762,19,26,-1
1465269332786,19,28,1
1465269835966,19,29,0
1465270580505,19,32,1
1465271908765,19,33,1
1465273820253,19,34,0
1465274485806,19,36,1
1465274676833,19,38,0
1465275017264,19,40,1
1465275386688,19,41,1
1465275353292,19,42,1
1465277449478,19,45,1
1465280168332,19,48,1
1465281268537,19,49,1
1465281998802,19,50,0
1465283089222,19,51,1
1465283418546,19,52,1
1465287037091,19,58,1
1465351266332,19,59,1
1465287556247,19,61,1
1465289527225,19,62,0
1465287908486,19,63,0
1465294291813,19,64,1
1465301940725,19,67,1
1465302873920,19,68,1
1465303752347,19,69,1
1465303921026,19,70,0
1465305354960,19,72,1
1465306299461,19,74,1
1465306114713,19,75,1
1465306138262,19,76,1
1465307977740,19,79,1
1465308555427,19,80,1
1465310201077,19,81,1
1465314662949,19,85,1
1465320373810,19,86,1
1465330741167,19,88,0
1465342169661,19,90,1
1465397054918,19,91,1
1465358125985,19,93,1
1465354088453,19,94,1
1465362004130,19,97,1
1465372046082,19,101,1
1465375064474,19,103,-1
1465390059643,19,107,1
1465393499440,19,108,1
1465395207389,19,109,1
1465404243172,19,111,1
1465407721664,19,113,1
1465439200692,19,116,1
1465447568018,19,117,1
1465485453051,19,121,1
1465562483150,19,123,1
1465567488127,19,124,1
1465573945776,19,125,1
1465574887081,19,127,1
1465994289424,19,133,1
1466049721663,19,135,1
1466050152565,19,139,1
1466053516762,19,141,1
1466063402658,19,146,1
1466083595515,19,149,1
1466104364714,19,151,1
1466266672933,19,156,1
1466270130772,19,157,1
1466572016626,19,159,1
1467004241579,19,162,1
1467006506149,19,164,1
1467007184619,19,165,1
1467007017148,19,168,1
1467011010016,19,170,1
1467026282359,19,171,1
1467029421105,19,175,0
1467030975817,19,176,1
1467039257750,19,177,1
1467041025722,19,178,1
1467057134677,19,180,1
1467083855179,19,183,1
1464994638677,20,0,1
1464830433674,20,2,1
1465296614382,20,3,1
1464950553045,20,4,1
1465299474476,20,9,1
1465258052299,20,10,1
1465460508020,20,12,0
1465012740836,20,14,1
1465002318034,20,15,1
1465266937721,20,20,1
1465268068235,20,23,1
1465275196642,20,24,1
1465271338927,20,25,1
1465268849138,20,26,0
1465269578575,20,28,1
1465269634221,20,29,1
1465270533131,20,32,1
1465271867399,20,33,1
1467008122579,20,34,0
1465274516707,20,36,0
1465274695941,20,38,1
1465274786823,20,39,0
1465275411811,20,41,1
1465275405460,20,42,1
1465277454972,20,45,1
1465280742801,20,48,1
1465281439042,20,49,0
1465281858959,20,50,1
1465283002037,20,51,1
1465284009903,20,52,1
1465285576298,20,55,1
1465286078809,20,56,0
1465351551745,20,59,1
1465287608012,20,61,1
1465287742356,20,62,1
1465288026818,20,63,0
1465294132670,20,64,1
1465302097139,20,67,1
1465302854864,20,68,0
1465303376925,20,69,1
1465305472818,20,72,1
1465306306844,20,74,1
1465306139630,20,75,1
1465310667380,20,78,1
1465308008425,20,79,1
1465308462051,20,80,-1
1465311480197,20,83,1
1465314498741,20,85,1
1465320494702,20,86,1
1465320535849,20,87,1
1465330729491,20,88,0
1465351180726,20,92,1
1465351559485,20,93,0
1465354167862,20,94,1
1465356634367,20,96,1
1465366767004,20,99,1
1465373100865,20,102,0
1465375070781,20,103,-1
1465390152576,20,107,1
1465393583034,20,108,1
1465394477885,20,109,0
1465404124691,20,111,1
1465404504775,20,112,1
1465439486700,20,116,1
1465485675093,20,121,1
1465562331282,20,123,0
1465567668915,20,124,1
1465573214206,20,125,1
1465574812077,20,127,0
1467224240232,20,128,-1
1465673818095,20,130,1
1465994950398,20,133,1
1466049470099,20,135,1
1466063015931,20,146,1
1466083799221,20,149,1
1466266757321,20,156,1
1466571821867,20,159,1
1467004353117,20,162,1
1467006713218,20,164,1
1467007418463,20,165,1
1467006898640,20,167,1
1467011054988,20,170,1
1467029419026,20,175,0
1467030981918,20,176,0
1467084582985,20,183,1
1467209887481,20,189,1
1464994628931,21,0,1
1464830448434,21,2,1
1465296691165,21,3,1
1464950541346,21,4,0
1465299465411,21,9,1
1465258028703,21,10,1
1465460511198,21,12,0
1465012822621,21,14,1
1465002394964,21,15,1
1465266215826,21,16,0
1465266926868,21,20,1
1465267887231,21,23,1
1465275137914,21,24,1
1465271230589,21,25,1
1465268633262,21,26,0
1465269292548,21,28,1
1465269833978,21,29,-1
1465269425077,21,30,1
1465270545640,21,32,1
1465271890845,21,33,1
1465273919536,21,34,0
1465274619926,21,36,0
1465274547210,21,37,0
1465275340979,21,38,1
1465275195249,21,41,1
1465275311224,21,42,1
1465278900997,21,47,1
1465280706059,21,48,1
1465281310981,21,49,1
1465281930382,21,50,1
1465284243871,21,51,1
1465284245028,21,51,1
1465284245651,21,51,1
1465283446791,21,52,1
1465286005545,21,56,0
1465351224333,21,59,1
1465287300041,21,60,0
1465287743377,21,61,1
1465287839003,21,63,0
1465294138065,21,64,1
1465302004507,21,67,1
1465302819327,21,68,0
1465303511213,21,69,1
1465305255630,21,72,1
1465306040833,21,74,1
1465306099656,21,75,1
1465308308464,21,79,1
1465308402267,21,80,-1
1465314677443,21,85,1
1465320764510,21,87,-1
1465330706747,21,88,0
1465351613765,21,93,0
1465355531415,21,95,1
1465356695958,21,96,1
1465362058934,21,97,0
1465373183436,21,102,1
1465374875351,21,103,-1
1465390139221,21,107,1
1465393673236,21,108,1
1465395548775,21,109,1
1465403956210,21,111,1
1465431660606,21,115,0
1465439305667,21,116,1
1465485623750,21,121,1
1465562471152,21,123,1
1465567348208,21,124,1
1465573822142,21,125,1
1465574272329,21,126,1
1465574932652,21,127,0
1465993864861,21,133,1
1466049491256,21,135,1
1466062492964,21,146,1
1466083968919,21,149,1
1466104297552,21,151,1
1466266675332,21,156,1
1466269637673,21,157,1
1466571655014,21,159,1
1467003292619,21,162,1
1467006704822,21,164,1
1467007247247,21,165,1
1467006535782,21,166,0
1467006717317,21,167,1
1467007215240,21,168,1
1467007738170,21,169,0
1467011206656,21,170,0
1467029484420,21,175,0
1467031148909,21,176,0
1467084417419,21,183,1
1467276020121,21,190,0
1464994602239,22,0,1
1464839584635,22,2,1
1465296687596,22,3,1
1464950499871,22,4,1
1465299432171,22,9,1
1465258024451,22,10,1
1465460488067,22,12,0
1464839108356,22,14,1
1465002502834,22,15,1
1465266984741,22,20,1
1465268099310,22,23,1
1465275108743,22,24,1
1465272345904,22,25,0
1465268608049,22,26,1
1465269442289,22,28,0
1465270691405,22,32,1
1465271551239,22,33,1
1465273937441,22,34,0
1465273938050,22,34,0
1465274563333,22,36,1
1465275309385,22,38,0
1465274796535,22,39,0
1465275376192,22,41,1
1465275763982,22,43,1
1465278897063,22,47,1
1465280766132,22,48,1
1465281208355,22,49,0
1465281681614,22,50,1
1465284155156,22,51,1
1465283430238,22,52,1
1465284055388,22,54,1
1465285579793,22,55,1
1465286062503,22,56,0
1465287230504,22,59,1
1465287474386,22,61,0
1465289596116,22,62,1
1465287827200,22,63,1
1465294146328,22,64,1
1465302082631,22,67,1
1465302773685,22,68,0
1465303832099,22,69,1
1465305327394,22,72,1
1465306111263,22,74,1
1465306280082,22,75,1
1465308214876,22,79,1
1465308436983,22,80,1
1467048254327,22,83,1
1465314643129,22,85,0
1465320570257,22,86,0
1465320508987,22,87,1
1465330708066,22,88,0
1465351862232,22,93,0
1465353920956,22,94,1
1465356578975,22,96,0
1465376857291,22,102,1
1465374918499,22,103,-1
1465390165787,22,107,1
1465393577254,22,108,1
1465394756787,22,109,0
1465439362895,22,116,1
1465485590411,22,121,-1
1465506098599,22,122,1
1465562402404,22,123,0
1465567448199,22,124,1
1465573865148,22,125,1
1465574454976,22,126,0
1465574564115,22,127,0
1465588791847,22,128,-1
1465996511540,22,133,0
1466049407352,22,135,1
1466053435712,22,141,1
1466058740785,22,144,0
1466063094748,22,146,0
1466083860213,22,149,0
1466105113822,22,151,0
1466266763911,22,156,1
1466270320694,22,157,0
1466572258944,22,159,1
1467003897260,22,162,1
1467006486972,22,164,1
1467006790680,22,165,0
1467007023956,22,167,-1
1467007420489,22,169,1
1467011350166,22,170,0
1467029463956,22,175,0
1467030745594,22,176,0
1467084480961,22,183,1
1467094773434,22,185,1
1465263545975,23,0,1
1465295475887,23,2,1
1465296659841,23,3,1
1465802911555,23,4,1
1465299505328,23,9,1
1465439571577,23,10,1
1465460495953,23,12,0
1465266110168,23,16,1
1465266450073,23,18,1
1465266818914,23,20,1
1465267794759,23,23,1
1465275116804,23,24,1
1465272341712,23,25,1
1465268669721,23,26,1
1465269328021,23,28,0
1465269828498,23,29,-1
1465270639675,23,32,1
1465271719079,23,33,1
1467007655629,23,34,0
1465274469295,23,36,1
1465274557763,23,37,1
1465274701754,23,38,0
1465275292911,23,41,1
1465296586330,23,46,1
1465278890577,23,47,-1
1465280775883,23,48,1
1465281300943,23,49,0
1465281729436,23,50,1
1465284227438,23,51,0
1465284014687,23,52,1
1465285553134,23,55,1
1465286065979,23,56,0
1465351403235,23,59,1
1465287686730,23,61,0
1465288017770,23,63,0
1465294112708,23,64,1
1465301898436,23,67,1
1465302814865,23,68,1
1465303540202,23,69,1
1465305246622,23,72,1
1465306079504,23,74,0
1465306238313,23,75,0
1465306831740,23,78,0
1465308304405,23,79,1
1465308512330,23,80,1
1465314443527,23,85,-1
1465320542795,23,86,1
1465320603552,23,87,1
1465330684076,23,88,-1
1465342147803,23,90,1
1465397143718,23,91,1
1465351712312,23,93,0
1465353911021,23,94,1
1465356543572,23,96,1
1465373028765,23,102,1
1465374940663,23,103,1
1465390201131,23,107,1
1465393782054,23,108,0
1465395382162,23,109,0
1465407636934,23,113,0
1465439493142,23,116,1
1465485513171,23,121,1
1465485513238,23,121,1
1465562367556,23,123,0
1465567663468,23,124,1
1465573224025,23,125,1
1465574325940,23,126,1
1465574697190,23,127,0
1466049634807,23,135,1
1466049634934,23,135,1
1466063197383,23,146,1
1466083589121,23,149,1
1466104365374,23,150,1
1466104218755,23,151,0
1466223869469,23,154,-1
1466266755357,23,156,1
1466269940431,23,157,1
1466572058958,23,159,1
1467003423528,23,162,1
1467006687952,23,164,1
1467006603149,23,165,0
1467007004154,23,167,1
1467010980512,23,170,1
1467030872614,23,176,0
1467084013681,23,183,1
1465277851052,24,0,1
1465295472580,24,2,1
1465296680261,24,3,-1
1465802928723,24,4,1
1465299453772,24,9,1
1465439638937,24,10,-1
1465308092051,24,20,1
1465268088260,24,23,1
1465267772547,24,24,1
1465271425984,24,25,1
1465268765259,24,26,1
1465269526985,24,28,0
1465269417558,24,29,1
1465270514143,24,32,1
1465271965431,24,33,1
1467007643258,24,34,1
1465274033359,24,35,1
1465274607519,24,36,0
1465274516168,24,37,1
1465274690613,24,38,0
1465274825551,24,39,0
1465275025378,24,40,-1
1465275220724,24,41,1
1465275397060,24,42,1
1465280701365,24,48,1
1465281383524,24,49,0
1465281819902,24,50,1
1465284315106,24,51,1
1465285573031,24,55,1
1465286085876,24,56,1
1465351501268,24,59,1
1465287629716,24,61,1
1465287869146,24,62,0
1465287803271,24,63,1
1465294086135,24,64,1
1465301881092,24,67,1
1465302729334,24,68,0
1465303502820,24,69,1
1465305506812,24,72,1
1465306320551,24,74,1
1465306182082,24,75,-1
1465306818182,24,78,0
1465308061205,24,79,1
1465308477861,24,80,1
1465311513081,24,83,0
1465314611106,24,85,1
1465320267518,24,86,1
1465330702222,24,88,0
1465397157622,24,91,1
1465351546361,24,93,1
1465356675979,24,96,0
1465372873742,24,102,1
1465374854232,24,103,0
1465383843656,24,104,1
1465393441525,24,108,1
1465394709386,24,109,1
1465404000140,24,111,1
1465407757766,24,113,0
1465430453927,24,115,0
1465439155780,24,116,1
1465447563206,24,117,1
1465485618893,24,121,1
1465562430060,24,123,0
1465567604931,24,124,1
1465573764370,24,125,1
1465574988858,24,127,0
1467224150238,24,128,-1
1465749661852,24,131,1
1465794799712,24,132,1
1465994284725,24,133,1
1465994284788,24,133,1
1466049689715,24,135,1
1466053789668,24,141,1
1466062453767,24,146,0
1466083820211,24,149,1
1466104207080,24,150,0
1466104594142,24,151,1
1466266733445,24,156,1
1466270294665,24,157,1
1466571713365,24,159,1
1467004232362,24,162,-1
1467006717637,24,164,1
1467006894736,24,165,1
1467007078777,24,167,1
1467007573614,24,169,1
1467010925297,24,170,1
1467026294062,24,171,1
1467030856871,24,176,1
1467040886255,24,179,0
1467057214718,24,180,1
1467084465717,24,183,1
1465277839610,25,0,1
1465295480160,25,2,-1
1465296620389,25,3,1
1465802946923,25,4,0
1465299484569,25,9,-1
1465439612855,25,10,1
1465460509180,25,12,0
1465308121754,25,20,0
1465268477157,25,23,1
1465275045188,25,24,1
1465268714981,25,25,0
1465268645829,25,26,1
1465269387204,25,28,0
1465270704588,25,32,0
1465272016208,25,33,0
1465273954941,25,34,0
1465274461287,25,36,0
1465275352404,25,38,1
1465275415512,25,41,1
1465275420160,25,42,0
1465277486265,25,45,1
1465296583424,25,46,1
1465280686201,25,48,1
1465281435307,25,49,0
1465281877227,25,50,1
1465284134738,25,51,0
1465283491152,25,52,0
1465285541133,25,55,-1
1465286041276,25,56,1
1465351238437,25,59,1
1465287730344,25,61,0
1465287941251,25,63,0
1465294194285,25,64,0
1465302011275,25,67,1
1465302841422,25,68,-1
1465303801175,25,69,0
1465305333747,25,72,1
1465306249536,25,74,0
1465306152152,25,75,1
1465308201391,25,79,1
1465308428690,25,80,-1
1465314670188,25,85,-1
1465320535134,25,86,1
1465330724230,25,88,0
1465342121315,25,90,1
1465397121720,25,91,1
1465351178864,25,92,1
1465351952316,25,93,0
1465356744654,25,96,0
1465373088833,25,102,0
1465374756369,25,103,-1
1465390261473,25,107,1
1465393613375,25,108,0
1465394716655,25,109,0
1465404112952,25,111,0
1465404528888,25,112,1
1465407674034,25,113,-1
1465431595385,25,115,0
1465439226228,25,116,0
1465447555715,25,117,0
1465485726024,25,121,-1
1465562396835,25,123,0
1465567456744,25,124,1
1465573904638,25,125,1
1465574380643,25,126,-1
1465574894243,25,127,1
1465588759148,25,128,-1
1465995231570,25,133,0
1466049624682,25,135,0
1466063544023,25,146,0
1466083958103,25,149,0
1466104322524,25,150,1
1466104241195,25,151,0
1466255314411,25,155,1
1466266648647,25,156,1
1466269730283,25,157,0
1466572091755,25,159,1
1467003130062,25,162,1
1467006740859,25,164,-1
1467007308148,25,165,1
1467006572810,25,166,1
1467006914893,25,167,1
1467007499960,25,169,1
1467011212060,25,170,1
1467031103162,25,176,0
1467083875298,25,183,1
1465277861543,26,0,1
1465295491067,26,2,0
1465296656560,26,3,1
1465802994113,26,4,0
1465299442134,26,9,0
1465439550551,26,10,1
1465460447629,26,12,0
1465308130912,26,20,1
1465281928843,26,23,0
1465275157130,26,24,1
1465573728904,26,25,0
1467099287256,26,32,1
1465274236375,26,33,1
1467007752135,26,34,0
1465274629048,26,36,1
1465275109935,26,38,1
1465275406462,26,41,1
1465275334408,26,42,0
1465275750781,26,43,-1
1465277463158,26,45,1
1465278876644,26,47,1
1465280782088,26,48,1
1465281469812,26,49,1
1465281984665,26,50,0
1465284261481,26,51,0
1465283449531,26,52,1
1465351278732,26,59,1
1465287507156,26,61,0
1465289578374,26,62,1
1465287868707,26,63,1
1465294092556,26,64,1
1465302027343,26,67,0
1465302767356,26,68,0
1465303492450,26,69,1
1465305513934,26,72,1
1465305442409,26,73,1
1465306326630,26,74,1
1465306172782,26,75,1
1465308056934,26,79,1
1465308552137,26,80,1
1465314708797,26,85,1
1465320488786,26,86,0
1465320463026,26,87,-1
1465330692299,26,88,0
1465351733392,26,93,0
1465375161699,26,103,-1
1465393738753,26,108,0
1465394924551,26,109,0
1465439505968,26,116,1
1465447481654,26,117,0
1465485702643,26,121,1
1465562409663,26,123,0
1465567696279,26,124,1
1465573705994,26,125,1
1465574503968,26,127,-1
1466049431802,26,135,1
1466053715083,26,141,1
1466063523340,26,146,1
1466078833648,26,148,0
1466083623613,26,149,0
1466104608619,26,151,0
1466223879849,26,154,1
1466266657722,26,156,1
1466270094050,26,157,0
1466572065546,26,159,1
1466956096907,26,161,1
1467003768054,26,162,1
1467006447455,26,164,1
1467007103348,26,165,-1
1467007085827,26,167,1
1467007945648,26,169,-1
1467010855822,26,170,1
1467031144460,26,176,0
1467040907548,26,179,0
1467072421293,26,181,1
1467083914865,26,183,1
1467094892218,26,185,0
1465277767655,27,0,0
1465281917761,27,23,0
1465276580182,27,33,0
1465275959198,27,41,1
1465280644961,27,48,1
1465281218582,27,49,0
1465282033714,27,50,1
1465354963919,28,0,-1
1465312112471,28,2,0
1465304290880,28,3,-1
1465803163839,28,4,1
1465385888028,28,9,1
1465439627750,28,10,1
1465460502573,28,12,0
1465308101605,28,20,1
1465307281236,28,23,0
1465543736048,28,24,1
1465573761380,28,25,1
1467098990899,28,32,1
1465363459793,28,33,1
1467008033110,28,34,1
1465351137815,28,48,1
1465395099785,28,49,1
1465351493300,28,59,1
1465397111469,28,64,0
1465304145922,28,69,1
1465305493744,28,72,1
1465306034033,28,74,1
1465306109229,28,75,-1
1465308091016,28,79,1
1465308546437,28,80,1
1467048303700,28,83,0
1465314605811,28,85,1
1465320755153,28,87,0
1465330715622,28,88,1
1465351919187,28,93,1
1465356781571,28,96,1
1465371991100,28,101,1
1465373167976,28,102,1
1465375021751,28,103,1
1465390130150,28,107,1
1465393434270,28,108,0
1465395185684,28,109,1
1465439083918,28,116,1
1465447507674,28,117,1
1465482972214,28,120,0
1465485473357,28,121,1
1465562400473,28,123,0
1465567546084,28,124,1
1465573026392,28,125,1
1465574557644,28,126,1
1465574756188,28,127,1
1465794808074,28,132,1
1466049782765,28,135,1
1466053741529,28,141,1
1466062980900,28,146,1
1466083607675,28,149,0
1466104281281,28,151,0
1466266720746,28,156,1
1466270076808,28,157,0
1466572241014,28,159,1
1466956114945,28,161,1
1467003750020,28,162,0
1467006301503,28,164,1
1467006900491,28,165,1
1467006803324,28,167,1
1467007359185,28,169,1
1467011075178,28,170,1
1467028647256,28,173,1
1467030633465,28,176,1
1467040861625,28,179,1
1467083999693,28,183,1
1467276014822,28,190,0
1465355005120,29,0,1
1465312120796,29,2,0
1465306711417,29,3,1
1465803065840,29,4,0
1465385895509,29,9,1
1465439644131,29,10,1
1465460505138,29,12,0
1465308085847,29,20,1
1465307266562,29,23,-1
1465543712362,29,24,-1
1465573737142,29,25,0
1467099073688,29,32,1
1465363574002,29,33,0
1467007973886,29,34,1
1466266877566,29,41,1
1465351172433,29,48,0
1465395038268,29,49,1
1465366901372,29,51,1
1465351303260,29,59,0
1465397059421,29,64,1
1465308711764,29,69,1
1465306823979,29,78,0
1465308025820,29,79,1
1465308457254,29,80,-1
1465310736733,29,82,1
1465314656539,29,85,-1
1465330669737,29,88,-1
1465351508079,29,93,0
1465354040328,29,94,-1
1465356509516,29,96,1
1465362040540,29,97,0
1465371974795,29,101,0
1465374958619,29,103,1
1465390233031,29,107,1
1465393490957,29,108,0
1465395458539,29,109,0
1465403933768,29,111,1
1465404514442,29,112,1
1465407741704,29,113,0
1465439211482,29,116,1
1465447489108,29,117,0
1465482979556,29,120,0
1465485640977,29,121,1
1465562347500,29,123,1
1465567493125,29,124,1
1465573646545,29,125,-1
1465574485338,29,126,0
1465574743873,29,127,1
1466049308320,29,135,1
1466053724807,29,141,1
1466062524739,29,146,1
1466083642578,29,149,0
1466105087403,29,151,0
1466266715668,29,156,1
1466266716819,29,156,1
1466270011227,29,157,0
1466571841349,29,159,1
1466956140526,29,161,1
1467003579930,29,162,1
1467006662720,29,164,1
1467006620424,29,165,1
1467007057068,29,167,1
1467007688675,29,169,0
1467011126969,29,170,1
1467026414928,29,171,-1
1467031114454,29,176,0
1467084106765,29,183,1
1467094505496,29,185,0
1467210039822,29,189,1
1465355027102,30,0,1
1465312101708,30,2,1
1466273492878,30,3,0
1465803016953,30,4,1
1465385941531,30,9,1
1465439607340,30,10,1
1465460501468,30,12,0
1465308078652,30,20,0
1465307292078,30,23,1
1465543682256,30,24,1
1467099003030,30,32,1
1465363515069,30,33,0
1467007893738,30,34,0
1466266848556,30,41,1
1465395043865,30,49,0
1465366915535,30,51,1
1465351392005,30,59,1
1465397068220,30,64,1
1465308697118,30,69,1
1465306763643,30,78,1
1465308243134,30,79,1
1465308391351,30,80,0
1465314623750,30,85,1
1465320488872,30,87,1
1465330739887,30,88,0
1465335685777,30,89,1
1465397049408,30,91,1
1465351852174,30,93,1
1465354109554,30,94,-1
1465356563012,30,96,0
1465376820360,30,102,1
1465374904223,30,103,1
1465390210656,30,107,1
1465393755188,30,108,0
1465395062191,30,109,0
1465404151434,30,111,1
1465439519210,30,116,1
1465447551244,30,117,1
1465482959897,30,120,0
1465485489320,30,121,-1
1465562501812,30,123,1
1465567406918,30,124,0
1465573348843,30,125,1
1465574353393,30,126,-1
1465574928281,30,127,1
1467224211543,30,128,1
1465996505727,30,133,0
1466049424827,30,135,1
1466053827840,30,141,1
1466063514975,30,146,1
1466078926477,30,148,0
1466083763013,30,149,1
1466104552048,30,151,0
1466266620531,30,156,1
1466572249457,30,159,1
1467003227944,30,162,1
1467006372968,30,164,-1
1467006503391,30,165,1
1467010975908,30,170,-1
1467031049159,30,176,0
1467083922011,30,183,1
1465355102663,31,0,1
1465312092334,31,2,1
1466579045485,31,3,1
1465803188555,31,4,1
1465385877132,31,9,1
1465439619849,31,10,1
1465460431822,31,12,0
1465315570105,31,20,1
1465383596540,31,23,0
1465543755411,31,24,1
1465573705938,31,25,1
1467099185754,31,32,1
1465363427677,31,33,1
1467007687881,31,34,0
1465395085739,31,49,1
1465366884972,31,51,1
1465351566262,31,59,1
1465397093950,31,64,1
1465438961418,31,69,1
1465709534759,31,79,1
1465314492327,31,85,1
1465320661508,31,87,1
1465330676443,31,88,-1
1465397111619,31,91,1
1465351751794,31,93,0
1465354174956,31,94,1
1465356594592,31,96,0
1465362102526,31,97,0
1465366844514,31,100,1
1465373118623,31,102,1
1465374701225,31,103,-1
1465393654167,31,108,1
1465395506972,31,109,0
1465407487268,31,113,1
1465431551855,31,115,1
1465439383438,31,116,1
1465485398800,31,121,0
1465562460887,31,123,1
1465567560326,31,124,1
1465573383117,31,125,1
1465574549471,31,126,1
1465574767041,31,127,1
1466049206077,31,135,0
1466053919103,31,141,1
1466062488186,31,146,1
1466078776324,31,148,1
1466083907580,31,149,0
1466105053679,31,151,1
1466266792054,31,156,1
1466269706379,31,157,1
1466572035130,31,159,1
1467004699405,31,162,1
1467006152488,31,163,1
1467006727722,31,164,1
1467007240074,31,165,1
1467007066351,31,167,-1
1467007492420,31,169,0
1467010902643,31,170,0
1467030754823,31,176,1
1467083932214,31,183,1
1467094573705,31,185,1
1465355093951,32,0,1
1465312191027,32,2,1
1466049920228,32,3,1
1465802876860,32,4,0
1465385949457,32,9,0
1465486501101,32,10,1
1465315575698,32,20,1
1465383584099,32,23,1
1465543697635,32,24,1
1467099173590,32,32,1
1465363557032,32,33,1
1467007817340,32,34,1
1466266879148,32,41,1
1465351118029,32,48,0
1465395006932,32,49,0
1465366909120,32,51,1
1465351409425,32,59,0
1465397099747,32,64,-1
1465439071340,32,69,-1
1465709421203,32,79,1
1465314560756,32,85,1
1465320704791,32,87,-1
1465330698833,32,88,0
1465351639966,32,93,0
1465356751336,32,96,0
1465374827322,32,103,0
1465393772606,32,108,1
1465394726473,32,109,-1
1465404079269,32,111,0
1465407504084,32,113,1
1465439268283,32,116,1
1465485732908,32,121,1
1465562382800,32,123,0
1465567484916,32,124,1
1465573843012,32,125,-1
1465574256056,32,126,1
1465574526008,32,127,1
1465995245521,32,133,0
1466049270654,32,135,1
1466053749497,32,141,1
1466063191525,32,146,1
1466083613332,32,149,1
1466104264406,32,150,1
1466104519058,32,151,1
1466266606471,32,156,1
1466270043022,32,157,0
1466571880767,32,159,1
1467003311497,32,162,1
1467006207430,32,163,1
1467006744329,32,164,1
1467007447589,32,165,1
1467006996547,32,167,1
1467007184061,32,169,1
1467011265562,32,170,1
1467030623441,32,176,1
1467083753380,32,183,1
1467098897076,32,186,1
1467209993977,32,189,1
1465355015238,33,0,1
1465398070234,33,2,1
1466049885144,33,3,1
1465803083928,33,4,1
1465385974823,33,9,0
1465486471148,33,10,1
1465460493853,33,12,0
1465383578339,33,23,-1
1465543759468,33,24,1
1465573756483,33,25,1
1467099315569,33,32,1
1465363526196,33,33,1
1467007938256,33,34,0
1466266875652,33,41,1
1465395135999,33,49,0
1465326129054,33,59,1
1465397051258,33,64,0
1465439036952,33,69,1
1465709326722,33,79,1
1465400123933,33,85,1
1465330705367,33,88,0
1465397080948,33,91,1
1465351659457,33,93,0
1465354161025,33,94,0
1465356645524,33,96,0
1465362053601,33,97,1
1465376871375,33,102,1
1465375055707,33,103,-1
1465390297320,33,107,1
1465393767184,33,108,0
1465394812478,33,109,0
1465404131441,33,111,1
1465439129967,33,116,1
1465447559441,33,117,0
1465485546664,33,121,1
1465562473646,33,123,1
1465567427770,33,124,-1
1465572996078,33,125,1
1465574408993,33,126,1
1465574476903,33,127,0
1466049243036,33,135,1
1466053945192,33,141,-1
1466062547663,33,146,1
1466078880989,33,148,1
1466083974063,33,149,1
1466104915507,33,151,0
1466266784392,33,156,1
1466269934740,33,157,1
1466571720223,33,159,1
1467003445409,33,162,1
1467006609355,33,164,-1
1467006478535,33,165,0
1467007042554,33,167,1
1467007284285,33,169,1
1467011065212,33,170,1
1467026312113,33,171,1
1467030514169,33,176,1
1467083828978,33,183,1
1467094719163,33,185,1
1465355044226,34,0,0
1465398047728,34,2,-1
1466049880547,34,3,-1
1465803118498,34,4,0
1465385912802,34,9,0
1465439568033,34,10,-1
1465383564753,34,23,-1
1465543719316,34,24,1
1465573747927,34,25,-1
1467099218961,34,32,1
1465363543994,34,33,0
1467008019512,34,34,0
1465351160829,34,48,-1
1465395019599,34,49,0
1465351444572,34,59,-1
1465397079279,34,64,-1
1465439026350,34,69,0
1465709507862,34,79,1
1465400150011,34,85,1
1465330550053,34,88,1
1465342162231,34,90,1
1465397130875,34,91,1
1465351607731,34,93,1
1465354076445,34,94,-1
1465374814541,34,103,1
1465390181654,34,107,0
1465393706945,34,108,1
1465395103433,34,109,0
1465403989501,34,111,1
1465439407692,34,116,1
1465447534213,34,117,1
1465485418729,34,121,1
1465562418823,34,123,0
1465567581865,34,124,-1
1465573314514,34,125,-1
1465574906502,34,127,0
1465998165346,34,133,0
1466049290163,34,135,-1
1466053460638,34,141,-1
1466063174974,34,146,0
1466083679367,34,149,1
1466104119664,34,150,1
1466105103670,34,151,0
1466266803193,34,156,1
1466269678940,34,157,0
1466571677069,34,159,1
1466956108230,34,161,1
1467003991721,34,162,0
1467006440847,34,164,1
1467007216628,34,165,1
1467006844602,34,167,1
1467007393664,34,169,1
1467011016765,34,170,1
1467030556166,34,176,1
1467084378792,34,183,1
1467276033097,34,190,1
1465355080427,35,0,1
1465398064859,35,2,1
1466049889370,35,3,-1
1465802972209,35,4,1
1465385920185,35,9,1
1465439602930,35,10,-1
1465460456773,35,12,1
1465383601921,35,23,1
1465543724894,35,24,1
1465573772607,35,25,1
1467099607422,35,32,0
1465363411883,35,33,1
1465462166722,35,33,1
1465660447929,35,33,1
1466052927816,35,33,1
1467008165583,35,34,0
1466266861028,35,41,1
1465395031149,35,49,0
1465351577596,35,59,1
1465397087671,35,64,1
1465439045911,35,69,1
1465709404055,35,79,1
1465400133419,35,85,1
1465397102999,35,91,1
1465351294142,35,92,1
1465351516495,35,93,1
1465356837508,35,96,1
1465373076384,35,102,1
1465375078302,35,103,1
1465393617229,35,108,1
1465395024490,35,109,0
1465404062890,35,111,1
1465404536581,35,112,1
1465407781377,35,113,1
1465439478159,35,116,-1
1465447573844,35,117,0
1465485685920,35,121,-1
1465562379803,35,123,0
1465567591609,35,124,1
1465573286965,35,125,1
1465574952862,35,127,0
1465794789717,35,132,0
1465994377101,35,133,1
1466049322993,35,135,1
1466062745900,35,146,0
1466083775579,35,149,0
1466104542180,35,151,0
1466266727402,35,156,1
1466269749113,35,157,0
1466571684501,35,159,1
1467003284226,35,162,1
1467006413257,35,164,1
1467006881902,35,165,1
1467006808424,35,167,1
1467008053454,35,169,1
1467011085479,35,170,1
1467026454224,35,171,-1
1467029372865,35,175,1
1467030587927,35,176,-1
1467040892626,35,179,0
1467084009308,35,183,1
1467094678632,35,185,1
1467209872103,35,189,-1
1465355072545,36,0,1
1465398059980,36,2,0
1466579069468,36,3,1
1465803026760,36,4,0
1465385903683,36,9,1
1465486494346,36,10,1
1465460512199,36,12,0
1465383609286,36,23,1
1465543692524,36,24,1
1465573671419,36,25,1
1467099083178,36,32,1
1465363594676,36,33,1
1467008129662,36,34,1
1466266872239,36,41,1
1465395124041,36,49,0
1465353572953,36,59,1
1465397107220,36,64,0
1465439080743,36,69,1
1465709493236,36,79,1
1465400068463,36,85,-1
1465358203701,36,93,0
1465356685765,36,96,0
1465374729579,36,103,-1
1465390188141,36,107,0
1465393637395,36,108,0
1465395407844,36,109,0
1465407614481,36,113,-1
1465439181258,36,116,1
1465485656800,36,121,1
1465562447184,36,123,0
1465567480543,36,124,1
1465573871481,36,125,1
1465574605975,36,127,0
1465994819905,36,133,0
1466049697953,36,135,0
1466053874574,36,141,-1
1466063078672,36,146,0
1466083688852,36,149,0
1466104256110,36,150,-1
1466105116956,36,151,0
1466223853274,36,154,0
1466266788032,36,156,1
1466269928860,36,157,0
1466343537804,36,158,0
1466571618017,36,159,1
1467004306865,36,162,1
1467006596148,36,164,1
1467006658576,36,165,-1
1467006498815,36,166,0
1467006858527,36,167,-1
1467007174118,36,168,0
1467011240038,36,170,1
1467029361256,36,175,1
1467031109104,36,176,1
1467083747338,36,183,1
1467094844216,36,185,0
1465354992598,37,0,1
1465396810729,37,2,0
1466273474289,37,3,1
1465803097511,37,4,0
1465385870023,37,9,1
1465439581740,37,10,1
1465460491711,37,12,0
1465383619034,37,23,-1
1465543747357,37,24,1
1467099043598,37,32,-1
1465363587112,37,33,0
1467008162016,37,34,0
1465395063031,37,49,-1
1465354592445,37,59,1
1465397112790,37,64,0
1465439094757,37,69,-1
1465709360826,37,79,-1
1465400168952,37,85,-1
1465358196544,37,93,0
1465376805185,37,102,-1
1465375186060,37,103,0
1465384948228,37,106,0
1465390047601,37,107,1
1465393534668,37,108,0
1465395442608,37,109,0
1465404028995,37,111,-1
1465407824098,37,113,0
1465481294027,37,119,0
1465485609709,37,121,0
1465562424424,37,123,0
1465567434558,37,124,1
1465573923843,37,125,-1
1465574530788,37,126,0
1465574870174,37,127,-1
1465995249724,37,133,0
1466049507694,37,135,-1
1466053819729,37,141,1
1466063009240,37,146,0
1466078767919,37,148,1
1466083846191,37,149,0
1466104401663,37,150,1
1466104976510,37,151,0
1466266653821,37,156,1
1466270184471,37,157,-1
1466343633654,37,158,1
1466571859346,37,159,-1
1467003527085,37,162,0
1467006339598,37,164,-1
1467007006032,37,165,1
1467006879999,37,167,-1
1467007907169,37,169,0
1467011374981,37,170,-1
1467029388798,37,175,0
1467030897496,37,176,0
1467084051598,37,183,0
1465460718884,38,0,1
1465398084814,38,2,1
1466304322827,38,3,1
1465803077799,38,4,1
1465424905518,38,9,0
1465439585653,38,10,1
1465460499328,38,12,0
1465541460859,38,23,0
1465543704470,38,24,1
1465573719386,38,25,1
1467099018717,38,32,1
1465462208970,38,33,0
1467007564660,38,34,0
1465395114433,38,49,0
1465483524275,38,59,1
1465397110362,38,64,0
1465438994634,38,69,1
1465709428671,38,79,1
1465400094235,38,85,0
1465397036893,38,91,1
1465441385617,38,103,1
1465396866527,38,108,1
1465394702180,38,109,1
1465404168769,38,111,0
1465407694844,38,113,1
1465439424432,38,116,1
1465485506407,38,121,1
1465485507016,38,121,1
1465562490792,38,123,1
1465567519215,38,124,-1
1465573886132,38,125,1
1465574319921,38,126,1
1465574848624,38,127,1
1465794825329,38,132,1
1466049347452,38,135,1
1466053397728,38,141,1
1466058886998,38,145,0
1466063585143,38,146,1
1466083721458,38,149,1
1466104894462,38,151,0
1466266750338,38,156,1
1466270150864,38,157,1
1466571420265,38,159,0
1466956111970,38,161,1
1467004380614,38,162,1
1467006409629,38,164,1
1467007143335,38,165,1
1467006789055,38,167,-1
1467007833303,38,169,0
1467011388095,38,170,1
1467026368334,38,171,1
1467029380490,38,175,0
1467031058395,38,176,0
1467083795929,38,183,1
1465460740164,39,0,1
1465444476294,39,2,1
1466579061379,39,3,1
1465802867016,39,4,0
1465442080346,39,9,1
1465486487669,39,10,1
1465460503577,39,12,0
1465541474459,39,23,-1
1465543730464,39,24,1
1465573690869,39,25,0
1467099151847,39,32,1
1465462192661,39,33,0
1467007998177,39,34,1
1466266866218,39,41,1
1465502423907,39,49,1
1465483500342,39,59,0
1465721821695,39,69,1
1465709397691,39,79,1
1465454505306,39,85,1
1466053769251,39,103,0
1465483009030,39,108,1
1465485652689,39,121,1
1465562456500,39,123,1
1465567649869,39,124,1
1465573955780,39,125,1
1465574792728,39,127,1
1466049263861,39,135,1
1466053551798,39,141,1
1466062960073,39,146,1
1466083826767,39,149,1
1466266766513,39,156,1
1466269911900,39,157,0
1466571917633,39,159,1
1467004091896,39,162,1
1467006404925,39,164,1
1467006833245,39,165,1
1467007017938,39,167,-1
1467011121767,39,170,1
1467029405056,39,175,1
1467030537978,39,176,1
1467084543267,39,183,1
1467089890154,39,184,1
1465600206155,40,0,-1
1465626200452,40,2,-1
1466132248078,40,3,-1
1465803007436,40,4,-1
1465576090733,40,9,-1
1465881072357,40,23,0
1465885679892,40,24,1
1467099575350,40,32,1
1465660541896,40,33,1
1467007695457,40,34,1
1465587910635,40,59,1
1465721794203,40,69,1
1465709517928,40,79,1
1467048428833,40,83,0
1466053578050,40,103,-1
1465574371823,40,127,1
1466049487091,40,135,1
1466053511190,40,141,-1
1466062885253,40,146,0
1466083519046,40,149,1
1466104136347,40,150,1
1466104412665,40,151,1
1466266811364,40,156,1
1466270118410,40,157,0
1466343589731,40,158,1
1466571637144,40,159,1
1467003923341,40,162,1
1467006177397,40,163,1
1467006428019,40,164,1
1467007012128,40,165,1
1467006867240,40,167,-1
1467006997800,40,168,0
1467007551744,40,169,0
1467011188052,40,170,1
1467030835583,40,176,1
1467084296350,40,183,1
1465682567494,41,0,1
1465657821780,41,2,1
1466132254487,41,3,1
1465802978811,41,4,1
1465663346964,41,9,0
1465881034729,41,23,0
1465885660291,41,24,1
1467099556964,41,32,1
1465660456581,41,33,1
1467008148011,41,34,0
1466266851826,41,41,1
1466345699923,41,59,1
1465721910275,41,69,-1
1465709410428,41,79,1
1466053605706,41,103,-1
1467285902767,41,128,0
1467285902781,41,128,0
1465993881758,41,133,1
1466049236476,41,135,-1
1466053759465,41,141,1
1466062857918,41,146,0
1466083894543,41,149,0
1466105018597,41,151,0
1466266759229,41,156,1
1466269988946,41,157,1
1466343605791,41,158,0
1466572105447,41,159,-1
1466956134244,41,161,1
1467004710332,41,162,1
1467006132123,41,163,1
1467006642075,41,164,-1
1467007031476,41,165,-1
1467006754371,41,167,1
1467007445289,41,169,1
1467011380327,41,170,-1
1467031085188,41,176,0
1467083733868,41,183,1
1465682535526,42,0,1
1465657910337,42,2,1
1466579056651,42,3,1
1465803127283,42,4,1
1465663311619,42,9,1
1466007625230,42,10,1
1465881090272,42,23,1
1465885636716,42,24,1
1467099335477,42,32,1
1465660495277,42,33,1
1467007803554,42,34,1
1466345745086,42,59,1
1465721726751,42,69,1
1467034282633,42,72,0
1465709380694,42,79,1
1466053801613,42,103,-1
1465673873615,42,130,1
1466049412864,42,135,1
1466053846121,42,141,1
1466062616866,42,146,1
1466083950759,42,149,0
1466105084533,42,151,0
1466266785834,42,156,1
1466269802229,42,157,0
1466343616370,42,158,1
1466571979003,42,159,1
1467004064148,42,162,1
1467006730857,42,164,1
1467007221745,42,165,1
1467006999761,42,167,1
1467007516768,42,169,1
1467011192620,42,170,1
1467029486885,42,175,0
1467031146761,42,176,0
1467083870108,42,183,1
1465682553176,43,0,1
1465657952716,43,2,1
1466132260861,43,3,1
1465802888087,43,4,0
1465663321063,43,9,1
1466007563551,43,10,1
1465881027751,43,23,1
1465885605993,43,24,0
1467099503106,43,32,1
1465660464706,43,33,1
1467008116229,43,34,1
1466266874117,43,41,1
1466345718113,43,59,0
1465721837154,43,69,1
1465709417958,43,79,1
1467048323734,43,83,1
1466053640118,43,103,1
1465673832922,43,130,1
1465794767937,43,132,1
1466049513695,43,135,1
1466053647543,43,141,1
1466062788535,43,146,1
1466078911168,43,148,1
1466083784835,43,149,0
1466104085565,43,150,1
1466105110683,43,151,0
1466266790303,43,156,1
1466270053600,43,157,1
1466572052281,43,159,1
1467003156541,43,162,1
1467006202949,43,163,1
1467006755732,43,164,1
1467006967480,43,165,1
1467006935490,43,167,1
1467007865636,43,169,1
1467010942727,43,170,1
1467026303581,43,171,1
1467030879739,43,176,0
1467072355664,43,181,1
1467084351239,43,183,1
1465682448161,44,0,1
1465658007483,44,2,1
1466579039811,44,3,1
1465803121998,44,4,1
1465663317863,44,9,1
1466007571689,44,10,1
1465881133437,44,23,1
1465885673234,44,24,1
1467101017836,44,32,1
1465660498781,44,33,1
1467008167412,44,34,0
1466266884549,44,41,1
1466345749626,44,59,1
1465721807461,44,69,1
1465709537123,44,79,1
1466053890074,44,103,0
1465994372523,44,133,0
1466049727568,44,135,1
1466050743506,44,140,1
1466053403751,44,141,1
1466062535206,44,146,1
1466083751419,44,149,0
1466105105023,44,151,0
1466266770321,44,156,1
1466269961475,44,157,1
1466571934285,44,159,1
1466956110384,44,161,1
1467004208948,44,162,1
1467006209470,44,163,1
1467006657157,44,164,1
1467006864740,44,165,1
1467007044667,44,167,1
1467010959886,44,170,0
1467029456587,44,175,0
1467030611522,44,176,1
1467040978900,44,179,0
1467083749675,44,183,1
1467275981235,44,190,0
1465682493299,45,0,-1
1465658107185,45,2,1
1466132258412,45,3,1
1465803179662,45,4,-1
1465663367831,45,9,1
1466007605725,45,10,1
1465881062726,45,23,-1
1465885663899,45,24,1
1467101032085,45,32,-1
1465660566788,45,33,-1
1467007680502,45,34,0
1466345887139,45,59,-1
1465721770378,45,69,1
1465709372165,45,79,-1
1466053814220,45,103,-1
1465995226902,45,133,0
1466049777097,45,135,0
1466053961706,45,141,-1
1466062969392,45,146,0
1466083802576,45,149,0
1466104495852,45,151,0
1466266644101,45,156,1
1466270362480,45,157,1
1466572042393,45,159,1
1467004345646,45,162,0
1467006199027,45,163,1
1467006573655,45,164,1
1467007208375,45,165,1
1467006959899,45,167,1
1467007187457,45,168,1
1467007219246,45,169,0
1467010916892,45,170,0
1467031168233,45,176,0
1467084319679,45,183,0
1467094873252,45,185,0
1467276003406,45,190,0
1465682543769,46,0,1
1466399160786,46,1,1
1465658208445,46,2,1
1466049913561,46,3,1
1465802934585,46,4,1
1465663351490,46,9,1
1466399099004,46,10,1
1465881013221,46,23,0
1465885632578,46,24,1
1467099510458,46,32,1
1465660558320,46,33,0
1467008094393,46,34,0
1466266864231,46,41,1
1466345732529,46,59,1
1465721862444,46,69,-1
1465709486544,46,79,1
1466053656233,46,103,-1
1466049750581,46,135,1
1466062819737,46,146,0
1466083536680,46,149,0
1466104241914,46,150,1
1466104544498,46,151,0
1466223780504,46,154,1
1466266797010,46,156,1
1466269966569,46,157,1
1466343566152,46,158,0
1466571739867,46,159,1
1466956128789,46,161,1
1467004025653,46,162,0
1467006212757,46,163,1
1467006668790,46,164,1
1467006856108,46,165,1
1467006566608,46,166,0
1467006883851,46,167,1
1467008001909,46,169,0
1467010989194,46,170,-1
1467029454542,46,175,0
1467031128276,46,176,0
1467040916351,46,179,0
1467084184019,46,183,1
1467094596461,46,185,1
1467209911441,46,189,-1
1467276016701,46,190,0
1465682456451,47,0,1
1465658243282,47,2,1
1466579064444,47,3,1
1465802844142,47,4,1
1465663328245,47,9,1
1466399109822,47,10,1
1465881100987,47,23,0
1465885669180,47,24,1
1467099253511,47,32,-1
1465660580180,47,33,0
1467008084699,47,34,0
1466266868202,47,41,1
1466345706595,47,59,1
1465721886015,47,69,0
1465709524342,47,79,1
1466053781168,47,103,-1
1465994856296,47,133,0
1466049438163,47,135,-1
1466053930118,47,141,1
1466062733857,47,146,0
1466083838185,47,149,0
1466104864809,47,151,-1
1466266793732,47,156,1
1466571566456,47,159,-1
1466956090323,47,161,1
1467003783895,47,162,0
1467006734477,47,164,-1
1467006955026,47,165,-1
1467006887965,47,167,1
1467007029526,47,168,0
1467007620382,47,169,-1
1467010866831,47,170,-1
1467029422380,47,175,0
1467031089929,47,176,0
1467083898423,47,183,0
1467276010946,47,190,0
1465682484955,48,0,0
1465658321053,48,2,1
1466132239475,48,3,1
1465803101309,48,4,1
1465663332107,48,9,1
1466007586209,48,10,1
1465881122395,48,23,0
1465885683519,48,24,1
1467101062328,48,32,-1
1465660522426,48,33,0
1467008133282,48,34,0
1466345709468,48,59,1
1465721740867,48,69,0
1465709526956,48,79,1
1466053662897,48,103,-1
1465994861390,48,133,0
1466049355352,48,135,1
1466053380039,48,141,-1
1466063443119,48,146,0
1466078839870,48,148,0
1466083791419,48,149,1
1466105108345,48,151,0
1466266743056,48,156,1
1466269825779,48,157,0
1466571992881,48,159,1
1467004201911,48,162,1
1467006188225,48,163,1
1467006761124,48,164,-1
1467007435185,48,165,-1
1467007029688,48,167,1
1467007155244,48,168,1
1467007292847,48,169,0
1467011114312,48,170,0
1467030508342,48,176,1
1467040843645,48,178,1
1467057191920,48,180,0
1467083849252,48,183,1
1465682511669,49,0,1
1465658412015,49,2,1
1466304319655,49,3,1
1465803082169,49,4,1
1465663360898,49,9,0
1465881127178,49,23,0
1465885594637,49,24,1
1467101085171,49,32,-1
1465660474156,49,33,0
1467007778516,49,34,1
1466266882787,49,41,1
1466345890456,49,59,1
1465721846121,49,69,-1
1465709497634,49,79,1
1466053822231,49,103,-1
1465794782555,49,132,1
1466049607964,49,135,1
1466053559789,49,141,-1
1466056886191,49,143,1
1466063600266,49,146,0
1466083633026,49,149,1
1466104275718,49,150,1
1466266670010,49,156,1
1466269846981,49,157,-1
1466571808123,49,159,1
1467003327739,49,162,0
1467006389838,49,164,-1
1467006813903,49,165,1
1467006942515,49,167,1
1467007240905,49,168,1
1467011287113,49,170,-1
1467028352407,49,172,-1
1467030952338,49,176,0
1467040885793,49,178,1
1467084134766,49,183,0
1465682583813,50,0,-1
1465658441675,50,2,1
1466049845885,50,3,1
1465802897007,50,4,0
1465663376804,50,9,0
1466007615581,50,10,1
1465881078328,50,23,0
1465885624075,50,24,1
1467099206204,50,32,1
1465660487679,50,33,1
1467008099959,50,34,0
1466266881044,50,41,1
1466345690745,50,59,1
1465721927042,50,69,1
1465709307243,50,79,-1
1467048383096,50,83,0
1466053793091,50,103,-1
1465673809609,50,130,1
1466049444425,50,135,1
1466053907487,50,141,1
1466063430931,50,146,1
1466083544994,50,149,0
1466104412379,50,150,0
1466105023810,50,151,0
1466223840814,50,154,1
1466266598009,50,156,1
1466270021650,50,157,1
1466571703332,50,159,0
1467003960004,50,162,1
1467006651021,50,164,-1
1467006925617,50,165,1
1467006944954,50,167,1
1467007305133,50,169,0
1467011250853,50,170,0
1467026395594,50,171,0
1467031019021,50,176,1
1467039253638,50,177,1
1467084147769,50,183,1
1465682608080,51,0,0
1465658801007,51,2,1
1466049872846,51,3,1
1465802964920,51,4,1
1465663336164,51,9,1
1466007633218,51,10,1
1465881058285,51,23,1
1465885645425,51,24,1
1467099169907,51,32,-1
1465660507784,51,33,1
1467007875299,51,34,-1
1466266857337,51,41,1
1466345683727,51,59,1
1465721952370,51,69,0
1465709300426,51,79,1
1466053756242,51,103,0
1465673862091,51,130,1
1465994353854,51,133,0
1466049456477,51,135,-1
1466053653550,51,141,1
1466058711561,51,144,0
1466058893982,51,145,0
1466062772067,51,146,0
1466083887463,51,149,0
1466266781250,51,156,1
1466269614208,51,157,1
1466571907663,51,159,1
1467003721647,51,162,0
1467006513258,51,164,-1
1467006844669,51,165,-1
1467006828452,51,167,1
1467007719202,51,169,1
1467011219195,51,170,-1
1467026240999,51,171,-1
1467029416628,51,175,0
1467031039618,51,176,0
1467083812199,51,183,1
1467094653166,51,185,1
1467098919910,51,186,-1
1465682593899,52,0,1
1466399258805,52,1,1
1465659412471,52,2,1
1466049867548,52,3,1
1465803171218,52,4,1
1465663379734,52,9,1
1466007590916,52,10,1
1465881105282,52,23,1
1465885640583,52,24,1
1467099611832,52,32,1
1465660514996,52,33,1
1467008169706,52,34,0
1466345786432,52,59,1
1465721783318,52,69,1
1465709315200,52,79,1
1467048263487,52,83,1
1466053885042,52,103,1
1466049463476,52,135,1
1466053878881,52,141,1
1466062610605,52,146,1
1466078786636,52,148,1
1466083704590,52,149,1
1466104535574,52,151,1
1466266741488,52,156,1
1466270327906,52,157,1
1466571958172,52,159,1
1467003968913,52,162,1
1467006702264,52,164,1
1467007229536,52,165,1
1467007088780,52,167,1
1467007088908,52,167,1
1467007769546,52,169,1
1467010885505,52,170,0
1467031123477,52,176,0
1467057220241,52,180,1
1467084250035,52,183,1
1467094826030,52,185,1
1465775682307,53,0,1
1466857288330,53,2,1
1466132270499,53,3,1
1465803042117,53,4,0
1465822889741,53,9,-1
1466007557119,53,10,1
1465881046008,53,23,1
1465885653281,53,24,0
1467099520777,53,32,1
1466052995023,53,33,1
1467007883247,53,34,1
1466266844609,53,41,1
1466345859380,53,59,1
1465722163843,53,69,1
1467048492838,53,83,0
1466053707882,53,103,-1
1466049376281,53,135,1
1466053687417,53,141,1
1466062433303,53,146,1
1466083728104,53,149,0
1466104315795,53,150,1
1466105099709,53,151,0
1466266762168,53,156,1
1466270156547,53,157,1
1466571604696,53,159,1
1467003943558,53,162,1
1467006453369,53,164,1
1467006571683,53,165,1
1467007075131,53,167,-1
1467007462999,53,169,1
1467011201257,53,170,1
1467028318606,53,172,1
1467028603541,53,173,1
1467029476825,53,175,0
1467031185796,53,176,1
1467084069391,53,183,1
1465775665246,54,0,-1
1466857310538,54,2,-1
1466049895318,54,3,1
1465803149018,54,4,-1
1465822877362,54,9,-1
1466007580259,54,10,1
1465881115757,54,23,-1
1465885617552,54,24,1
1467101072739,54,32,1
1466052945991,54,33,-1
1467007765816,54,34,0
1466345823429,54,59,0
1465722411441,54,69,1
1466053733463,54,103,-1
1466049250829,54,135,1
1466053449760,54,141,-1
1466063383482,54,146,0
1466083852396,54,149,0
1466104355596,54,150,1
1466104961662,54,151,0
1466266637385,54,156,1
1466270265934,54,157,-1
1466572078417,54,159,1
1466956120668,54,161,1
1467004012210,54,162,0
1467006748177,54,164,1
1467007056290,54,165,1
1467006967687,54,167,1
1467007972318,54,169,-1
1467011315480,54,170,1
1467029346337,54,175,1
1467031179572,54,176,0
1467083845924,54,183,1
1467094821769,54,185,0
1466034044435,55,0,1
1466857345212,55,2,1
1466579052570,55,3,1
1466036590414,55,4,1
1466124805730,55,9,0
1466355483005,55,23,0
1466145378630,55,24,1
1467099108569,55,32,0
1466053025476,55,33,1
1467007960158,55,34,1
1466266854888,55,41,1
1466345827612,55,59,1
1467033596577,55,69,1
1466053694021,55,103,0
1466049217509,55,135,-1
1466053885591,55,141,1
1466058816725,55,144,0
1466063255213,55,146,1
1466083697148,55,149,1
1466104484613,55,151,0
1466266805259,55,156,1
1466270285105,55,157,1
1466571973629,55,159,1
1467003360786,55,162,1
1467006384789,55,164,1
1467007440761,55,165,1
1467006850622,55,167,1
1467008070945,55,169,1
1467011097697,55,170,1
1467031103874,55,176,1
1467040975774,55,179,0
1467084347433,55,183,1
1467098863708,55,186,0
1467102474895,55,187,1
1467269013416,55,190,1
1466034241531,56,0,1
1466857300943,56,2,0
1466049903663,56,3,1
1466036575902,56,4,1
1466124755055,56,9,1
1466355474664,56,23,0
1466145372445,56,24,1
1467099413046,56,32,1
1466053013051,56,33,1
1467007705010,56,34,1
1466266870058,56,41,1
1466345910796,56,59,1
1467033886927,56,69,1
1467048447319,56,83,0
1466053849700,56,103,1
1467285905057,56,128,0
1466049317449,56,135,1
1466062599943,56,146,1
1466078904460,56,148,1
1466083881843,56,149,1
1466104602471,56,151,1
1466266768381,56,156,1
1466270242537,56,157,1
1466572164356,56,159,1
1466956082773,56,161,1
1467003562029,56,162,1
1467006502330,56,164,-1
1467006976484,56,165,1
1467007035106,56,167,1
1467007790505,56,169,1
1467011296295,56,170,1
1467030724432,56,176,1
1467040844704,56,179,0
1467082453774,56,182,1
1467083764955,56,183,1
1467094749205,56,185,1
1467269033633,56,190,0
1466035503135,57,0,1
1466857330026,57,2,1
1466049863502,57,3,1
1466036600399,57,4,1
1466124771637,57,9,1
1466355495724,57,23,1
1466145358867,57,24,1
1467099198252,57,32,1
1466053044977,57,33,1
1467007931192,57,34,-1
1466345766605,57,59,1
1467033773800,57,69,-1
1466053616378,57,103,1
1466049764223,57,135,-1
1466053676389,57,141,1
1466062512385,57,146,0
1466083656889,57,149,0
1466266774518,57,156,1
1466269662397,57,157,1
1466571480591,57,159,1
1467003210685,57,162,0
1467006462126,57,164,1
1467006774857,57,165,1
1467006921110,57,167,1
1467011166376,57,170,0
1467030690319,57,176,0
1467084577342,57,183,1
1467276001371,57,190,0
1466035702392,58,0,1
1466857269806,58,2,1
1466049909159,58,3,1
1466036582487,58,4,1
1466124813049,58,9,1
1466355455670,58,23,1
1466145362819,58,24,1
1467099126859,58,32,1
1466052977131,58,33,1
1467007947143,58,34,1
1466266862702,58,41,1
1466345742471,58,59,1
1467033760618,58,69,1
1467048281132,58,83,1
1466053627668,58,103,0
1466049677774,58,135,1
1466053835632,58,141,1
1466058909477,58,145,0
1466063244520,58,146,1
1466083711071,58,149,1
1466104879691,58,151,0
1466255329388,58,155,1
1466266772557,58,156,1
1466270081860,58,157,1
1466572025012,58,159,1
1467003145708,58,162,1
1467006569418,58,164,1
1467007427738,58,165,1
1467006768326,58,167,1
1467007007418,58,168,1
1467007231723,58,169,1
1467011182512,58,170,1
1467029467092,58,175,1
1467030728202,58,176,1
1467040958411,58,179,0
1467084174216,58,183,1
1467089911881,58,184,1
1467094648058,58,185,1
1466050183422,59,0,1
1466857277306,59,2,1
1466132237372,59,3,1
1466210951173,59,4,1
1466124835495,59,9,1
1466355449656,59,23,1
1466145365609,59,24,1
1467099295438,59,32,1
1466052986374,59,33,1
1467007671992,59,34,1
1466345916790,59,59,1
1467033605685,59,69,1
1466053836926,59,103,-1
1466049904926,59,138,1
1466053617208,59,141,1
1466063341280,59,146,0
1466078888113,59,148,1
1466083899964,59,149,1
1466104075716,59,150,1
1466105080766,59,151,1
1466266687649,59,156,1
1466270300109,59,157,1
1466571987468,59,159,1
1467003490647,59,162,1
1467006604520,59,164,1
1467006633920,59,165,1
1467007197940,59,168,1
1467007561545,59,169,1
1467011030683,59,170,1
1467031163999,59,176,0
1467040868151,59,179,1
1467057176517,59,180,0
1467084160620,59,183,1
1467094670587,59,185,1
1466116898540,60,0,1
1466857280265,60,2,1
1466579074080,60,3,1
1466210945195,60,4,1
1466124838438,60,9,1
1466399112788,60,10,1
1466355457958,60,23,1
1466145348509,60,24,1
1467099569115,60,32,1
1466053015747,60,33,1
1467007899195,60,34,1
1466345892832,60,59,1
1467033918786,60,69,1
1466053807815,60,103,1
1466050784393,60,140,1
1466053911395,60,141,1
1466062842357,60,146,1
1466083714803,60,149,1
1466104220830,60,150,1
1466104436043,60,151,1
1466266798989,60,156,1
1466269624714,60,157,1
1466571863685,60,159,1
1467004716769,60,162,1
1467006194566,60,163,1
1467006749925,60,164,1
1467007390057,60,165,1
1467007027295,60,167,1
1467007595393,60,169,1
1467011253175,60,170,1
1467030593209,60,176,1
1467083820350,60,183,1
1467094673826,60,185,1
1467098901216,60,186,1
1467269017245,60,190,1
1466124729769,61,9,1
1466117102887,61,152,1
1466415424502,62,0,1
1466857365417,62,2,0
1466304437492,62,3,1
1467349652238,62,4,1
1466403567496,62,9,0
1466399102625,62,10,1
1466355440779,62,23,0
1466655123723,62,24,1
1467099358121,62,32,-1
1466981971500,62,33,-1
1467008049653,62,34,0
1466345835493,62,59,1
1467033523602,62,69,1
1466397974870,62,103,-1
1466571540906,62,159,-1
1467004334205,62,162,1
1467006323733,62,164,-1
1467007175371,62,165,1
1467006895032,62,167,1
1467007592045,62,169,-1
1467011337625,62,170,1
1467026430715,62,171,-1
1467030992464,62,176,1
1467084516235,62,183,1
1467089943985,62,184,0
1467094585698,62,185,1
1466984689604,63,0,1
1466991575521,63,3,1
1467349584121,63,4,0
1466983734396,63,9,-1
1467171475564,63,23,1
1467099120877,63,32,1
1466982321704,63,33,1
1467007628469,63,34,1
1467007646719,63,59,1
1467033736801,63,69,1
1467009741286,63,103,1
1467003400749,63,162,0
1467006170085,63,163,1
1467006710979,63,164,1
1467006939540,63,165,0
1467006823521,63,167,1
1467007121012,63,168,0
1467011232499,63,170,1
1467031125664,63,176,0
1467040933335,63,178,1
1467084460337,63,183,1
1467026390194,64,0,-1
1467349523692,64,4,1
1467012646132,64,9,1
1467171576200,64,23,1
1467101113721,64,32,0
1467016981383,64,33,0
1467008007570,64,34,0
1467033698451,64,69,1
1467009700683,64,103,-1
1467007994783,64,165,1
1467008033636,64,169,1
1467011143556,64,170,1
1467030930762,64,176,0
1467041044910,64,178,1
1467084244954,64,183,1
1467026487077,65,0,0
1467349627284,65,4,0
1467012667656,65,9,0
1467171376995,65,23,0
1467099432598,65,32,1
1467016747496,65,33,0
1467033947890,65,69,1
1467009719136,65,103,-1
1467008375849,65,165,1
1467010936431,65,170,1
1467031166284,65,176,0
1467040958819,65,178,1
1467082465978,65,182,0
1467084391448,65,183,1
1467026449546,66,0,1
1467349643257,66,4,1
1467012656225,66,9,-1
1467171487209,66,23,0
1467101046853,66,32,1
1467016641939,66,33,-1
1467033580050,66,69,-1
1467104871944,66,103,0
1467016868365,66,165,1
1467012059160,66,170,1
1467029398293,66,175,1
1467030801080,66,176,0
1467084560291,66,183,1
1467026422455,67,0,1
1467349602271,67,4,1
1467012702034,67,9,1
1467171530549,67,23,0
1467099372615,67,32,-1
1467016801290,67,33,0
1467033869326,67,69,1
1467104838746,67,103,-1
1467016768049,67,165,-1
1467012128396,67,170,1
1467031121207,67,176,0
1467084215733,67,183,1
1467094738273,67,185,0
1467026261677,68,0,1
1467349674600,68,4,0
1467012716055,68,9,0
1467171596070,68,23,0
1467099402759,68,32,1
1467017008433,68,33,0
1467033859952,68,69,1
1467104919395,68,103,-1
1467017039101,68,165,0
1467012355194,68,170,1
1467028665286,68,173,0
1467030809811,68,176,1
1467083978307,68,183,0
1467026343618,69,0,1
1467349608864,69,4,-1
1467012692304,69,9,1
1467171583275,69,23,1
1467101076107,69,32,1
1467016755654,69,33,1
1467033895636,69,69,1
1467048366285,69,83,0
1467104926021,69,103,-1
1467017010018,69,165,0
1467012434655,69,170,1
1467031031399,69,176,1
1467084076401,69,183,1
1467094565624,69,185,-1
1467026399019,70,0,1
1467349487174,70,4,0
1467012680674,70,9,1
1467171517416,70,23,1
1467099567161,70,32,1
1467016663918,70,33,1
1467033809507,70,69,1
1467104829690,70,103,-1
1467016806557,70,165,1
1467012481858,70,170,1
1467028630362,70,173,0
1467031189767,70,176,0
1467040899668,70,179,0
1467083863812,70,183,1
1467026312271,71,0,1
1467349689934,71,4,0
1467012597479,71,9,1
1467171560048,71,23,1
1467099533856,71,32,1
1467017040627,71,33,1
1467033928542,71,69,1
1467048352996,71,83,0
1467104938868,71,103,-1
1467224160724,71,128,-1
1467016948817,71,165,0
1467012558120,71,170,1
1467031082109,71,176,0
1467084154855,71,183,1
1467276018114,71,190,0
1467026306135,72,0,1
1467349509858,72,4,0
1467012686854,72,9,1
1467171463025,72,23,1
1467099031813,72,32,1
1467017031597,72,33,0
1467033830491,72,69,1
1467048482172,72,83,0
1467104950946,72,103,-1
1467017116988,72,165,1
1467012673766,72,170,1
1467031054447,72,176,0
1467083721347,72,183,1
1467094708581,72,185,0
1467209965220,72,189,-1
1467026464365,73,0,1
1467349498005,73,4,0
1467039342405,73,9,-1
1467171513225,73,23,1
1467099331916,73,32,1
1467016854327,73,33,-1
1467033633000,73,69,1
1467048230337,73,83,0
1467104943402,73,103,-1
1467017021261,73,165,1
1467012827153,73,170,1
1467026435781,73,171,1
1467030647839,73,176,1
1467040940671,73,178,1
1467083778141,73,183,1
1467026296291,74,0,1
1467349704304,74,4,-1
1467039281010,74,9,-1
1467171431501,74,23,1
1467099239352,74,32,-1
1467016841275,74,33,0
1467033914547,74,69,1
1467104976470,74,103,0
1467017078103,74,165,1
1467012859319,74,170,1
1467030709508,74,176,1
1467084498557,74,183,1
1467089870309,74,184,1
1467026515514,75,0,-1
1467349590031,75,4,-1
1467039284234,75,9,-1
1467171508052,75,23,-1
1467099309963,75,32,1
1467016924423,75,33,-1
1467033840539,75,69,-1
1467034294796,75,72,0
1467104930601,75,103,-1
1467016790640,75,165,1
1467012872729,75,170,1
1467029479202,75,175,1
1467030545395,75,176,1
1467083805002,75,183,0
1467026432109,76,0,1
1467349550189,76,4,1
1467039367501,76,9,-1
1467171614861,76,23,-1
1467099598142,76,32,-1
1467016912329,76,33,0
1467033751938,76,69,1
1467104965181,76,103,-1
1467017003824,76,165,-1
1467012936294,76,170,1
1467031045227,76,176,0
1467040951409,76,179,0
1467084278137,76,183,1
1467094866634,76,185,-1
1467098943332,76,186,0
1467026357718,77,0,-1
1467349722283,77,4,0
1467039296472,77,9,-1
1467171446837,77,23,0
1467099282205,77,32,1
1467016700432,77,33,0
1467033676027,77,69,1
1467104792458,77,103,-1
1467224191574,77,128,-1
1467016934653,77,165,0
1467013056179,77,170,1
1467029500391,77,175,1
1467030851020,77,176,1
1467084333095,77,183,0
1467094531628,77,185,-1
1467133548497,77,188,1
1467026327298,78,0,1
1467349665213,78,4,-1
1467039383918,78,9,-1
1467171418706,78,23,1
1467099067155,78,32,1
1467017071292,78,33,-1
1467033623667,78,69,1
1467104890307,78,103,-1
1467224252373,78,128,0
1467224252400,78,128,0
1467016889851,78,165,1
1467013079083,78,170,1
1467026381494,78,171,1
1467029367713,78,175,1
1467031161145,78,176,0
1467084029268,78,183,1
1467276008189,78,190,0
1467026458853,79,0,1
1467349539872,79,4,0
1467039332904,79,9,0
1467171539282,79,23,0
1467101014113,79,32,1
1467016895858,79,33,1
1467033800806,79,69,1
1467104882151,79,103,-1
1467016961064,79,165,1
1467013127618,79,170,1
1467030827816,79,176,1
1467084438511,79,183,1
1467098885140,79,186,1
1467210023728,79,189,1
1467073155154,80,0,1
1467349684705,80,4,1
1467039396995,80,9,1
1467171554574,80,23,1
1467099445339,80,32,1
1467033650784,80,69,1
1467104820853,80,103,1
1467049965900,80,165,1
1467029365497,80,174,1
1467030573920,80,176,1
1467084365555,80,183,1
1467094625526,80,185,-1
1467245862038,81,0,-1
1467349568910,81,4,1
1467241938884,81,103,1
